job_id,title,company_name,location,formatted_work_type,formatted_experience_level,extracted_skills,skill_count,extraction_method
921716,Marketing Coordinator,Corcoran Sawyer Smith,"Princeton, NJ",Full-time,,"['Adobe Illustrator', 'Adobe Photoshop', 'Marketing', 'Microsoft Office', 'Sales']",5,dictionary
3901947205,Supervisor/Manager-Part Time - Hamilton Place,Claire's,"Chattanooga, TN",Part-time,Mid-Senior level,"['Communication', 'Sales']",2,dictionary
3902364145,"Chief Financial Officer -Multi-Location- Industrial Services- Private Equity, 78802","Truenorth Executive Search, Inc.","Philadelphia, PA",Full-time,Executive,[],0,dictionary
3902745810,"Software engineer, intern",Watershed,San Francisco Bay Area,Internship,Internship,"['GCP', 'JavaScript', 'Node.js', 'PostgreSQL', 'React', 'TypeScript']",6,dictionary
3900965029,Sprinkler Inspection Service Manager,Marmic Fire & Safety Co.,"Charleston, South Carolina Metropolitan Area",Full-time,Mid-Senior level,['Leadership'],1,dictionary
3900986294,"Senior Director, Transplant Software & Solutions – Strategic Business Segment",Thermo Fisher Scientific,"Frederick, MD",Full-time,,"['Communication', 'Leadership', 'Marketing', 'Sales']",4,dictionary
3888024632,Seasonal Customer Service Representative - Remote,Talentify.io,United States,Temporary,Entry level,"['Communication', 'Customer Service', 'Microsoft Office']",3,dictionary
3887497644,Cultural Resources Technician,SWCA Environmental Consultants,"Bridgeville, PA",Temporary,,[],0,dictionary
3903840311,Service Technician,INSPYR Solutions,Greater Enid Area,Full-time,Entry level,['Communication'],1,dictionary
3885112210,Oracle Fusion Consultant,"Singareddy Info Tech, Inc",Washington DC-Baltimore Area,Contract,,"['Communication', 'Leadership', 'Project Management']",3,dictionary
3901939453,Part-time Accounting Specialist,Addison Group,"Chicago, IL",Part-time,Associate,['Excel'],1,dictionary
3903809977,LTC Picker I,"Baldor Specialty Foods, Inc.",New York City Metropolitan Area,Full-time,Entry level,[],0,dictionary
3888030104,Sales Manager,J. Galt,Miami-Fort Lauderdale Area,Full-time,Mid-Senior level,"['Communication', 'Marketing', 'Sales']",3,dictionary
3884431572,Primary Care Physician,UT Health San Antonio,"San Antonio, Texas Metropolitan Area",Full-time,Executive,[],0,dictionary
3904392574,"Therapist, LCSW",Family Health Centers of San Diego,San Diego Metropolitan Area,Full-time,Entry level,[],0,dictionary
3906254888,Valet,SP+ (SP Plus),"Washington, DC",Part-time,Entry level,[],0,dictionary
3901388926,Retail Store Manager,,"Newport, RI",Full-time,,"['Communication', 'Customer Service', 'Leadership', 'Marketing', 'Sales']",5,dictionary
3903806436,Learning Project Manager,Technology Ventures,"McLean, VA",Contract,Associate,['Marketing'],1,dictionary
3903812581,Senior Software Engineer in Test II (Aspire),Aspire Software,"Greater Jackson, MI Area",Full-time,Mid-Senior level,"['C#', 'Java', 'JavaScript', 'Leadership', 'Python', 'SQL', 'TypeScript']",7,dictionary
3903807800,Auto Glass Installation Technician Trainee,Safelite,"Oklahoma City, OK",Full-time,Internship,[],0,dictionary
3899523233,Business Internship,Aerotek,"Tempe, AZ",Internship,Internship,"['Communication', 'Excel', 'Microsoft Office']",3,dictionary
3901681184,Surgical Technologist-NC,WVU Medicine,"South Charleston, WV",Full-time,Mid-Senior level,[],0,dictionary
3901388740,Chief Development Officer (fundraising),Cincinnati Opera,Cincinnati Metropolitan Area,Full-time,Director,"['Leadership', 'Marketing']",2,dictionary
3905831291,Desktop Test Engineer,Applicantz,United States,Contract,Associate,['Communication'],1,dictionary
3905304662,Engineering Intern,Parker Hannifin,"Ogden, UT",Full-time,,['Communication'],1,dictionary
3902371316,Chief Financial Officer,Piper Maddox,Washington DC-Baltimore Area,Full-time,Executive,['Leadership'],1,dictionary
3891094342,Chemistry Teacher,"Carney, Sandoe & Associates",San Francisco Bay Area,Full-time,Entry level,['Communication'],1,dictionary
3904718711,Gifts Outfitter,Bass Pro Shops,"East Peoria, IL",Part-time,,"['Customer Service', 'Sales']",2,dictionary
3894957742,Advocacy Intern,FS Vector,Washington DC-Baltimore Area,Internship,,"['Communication', 'Excel', 'Leadership', 'Microsoft Office']",4,dictionary
3901687140,Medical Administrative Assistant,"Advance Services, Inc.","Omaha, NE",Temporary,Associate,"['Communication', 'Excel']",2,dictionary
3901696078,Patient Service/Front Desk Coordinator Part Time,MyEyeDr.,"Silver Spring, MD",Part-time,Entry level,['Communication'],1,dictionary
3884924864, HRIS Analyst / HR Analyst,Sharp Decisions,"Tampa, FL",Contract,Associate,[],0,dictionary
3901645782,Sr Billing Coordinator,Considine Search,New York City Metropolitan Area,Full-time,Mid-Senior level,['Excel'],1,dictionary
3901619331,Senior Firmware Engineer,Murray McIntosh & Associates,"Nashville, TN",Full-time,Mid-Senior level,['C++'],1,dictionary
3895209465,Process Engineer,First Search Inc.,Memphis Metropolitan Area,Full-time,Mid-Senior level,['Leadership'],1,dictionary
3891821516,"Travel Nurse RN - ER/Trauma in Fort Madison, IA - Excellent Benefits 2024-04-11",TravelNurseSource,"Fort Madison, IA",Full-time,Mid-Senior level,[],0,dictionary
3905372564,"Division of General Pediatrics – Adjunct, Clinical X, HS Clinical, and In Residence Faculty Series","University of California, San Francisco","San Francisco, CA",Part-time,Executive,['Computer Vision'],1,dictionary
3901950845,Graphic Arts Specialist Intern,"Graphic Packaging International, LLC","Clemson, SC",Internship,Internship,"['Adobe Illustrator', 'Adobe Photoshop']",2,dictionary
3901390868,"Divisional Manager, Enterprise Asset Management",Metropolitan Transportation Authority,"New York, NY",Other,Mid-Senior level,"['Communication', 'Leadership', 'Marketing', 'Project Management']",4,dictionary
3905329572,Process Engineer,Trueline,Memphis Metropolitan Area,Full-time,Entry level,[],0,dictionary
3901170181,Social Media Marketing Intern,,"Des Moines, IA",Internship,,"['Marketing', 'R']",2,dictionary
3904389546,Young Women's Our House Resident Advisor,BCFS Health & Human Services,"Abilene, TX",Other,Internship,"['Excel', 'Microsoft Office']",2,dictionary
3903818926,Night Warehouse Manager,DSJ Global,"Buffalo, NY",Full-time,Mid-Senior level,[],0,dictionary
3902737959,Apprentice Technician,Crash Champions,"Houston, TX",Part-time,Internship,[],0,dictionary
3903867969,Part Time Universal Banker | Highland,Busey,"Highland, IL",Part-time,Mid-Senior level,"['Communication', 'Customer Service', 'Microsoft Office', 'Sales']",4,dictionary
3901394508,Service Technician,Insight Global,Louisville Metropolitan Area,Full-time,Associate,[],0,dictionary
3904388996,Inside Sales Agent,Direct Auto Insurance,Knoxville Metropolitan Area,Full-time,Entry level,['Sales'],1,dictionary
3886894536,Controller/REMOTE (East Coast),"QUAD, a SolomonEdwards Company",Greater Philadelphia,Full-time,Mid-Senior level,[],0,dictionary
3887101216,Buyer,"Highly Marelli USA, Inc.","Shelbyville, TN",Full-time,Associate,"['Communication', 'Excel', 'Leadership']",3,dictionary
3902883052,Receptionist,RecruitInflux,"Portland, Oregon Metropolitan Area",Contract,,['Microsoft Office'],1,dictionary
3891001318,Rare Disease Sales Specialist,Upsher-Smith,Greater Chicago Area,Full-time,Associate,"['Marketing', 'Sales']",2,dictionary
3906233266,Venture Capital Investor Accelerator,Venture University,Greater Houston,Temporary,,[],0,dictionary
3904366492,Hospital Administrator,Beacon Behavioral Hospital,Greater New Orleans Region,Full-time,Executive,"['Communication', 'Leadership']",2,dictionary
3886463705,Occupational Therapy Assistant (COTA),The Job Network,"Danbury, CT",Full-time,Entry level,[],0,dictionary
3905296703,Field Risk Specialist,DataScan Field Services,Greater Lynchburg Area,Full-time,Entry level,"['Communication', 'Customer Service']",2,dictionary
3905397573,Motion Graphics Design Intern,Sleeper,Los Angeles Metropolitan Area,Full-time,Internship,"['Adobe Illustrator', 'Adobe Photoshop']",2,dictionary
3901944325,Design Engineer,VN Consultancy Services,"Wichita, KS",Contract,,['Communication'],1,dictionary
3894545201,Registered Nurse,Innovative Renal Care,"Providence, RI",Part-time,Mid-Senior level,[],0,dictionary
3906222614,Infection Prevention Specialist,Tufts Medicine,"Melrose, MA",Full-time,Entry level,"['Communication', 'Excel']",2,dictionary
3901392152,Enterprise Consulting Sales,Shelgin Partners Recruiting Agency,Des Moines Metropolitan Area,Full-time,Mid-Senior level,"['Marketing', 'Sales']",2,dictionary
3895550530,Breakfast Server,Schulte Hospitality Group,"Des Moines, IA",Part-time,Associate,[],0,dictionary
3901986073,Nurse Aesthetician,,"Laredo, TX",Full-time,,['Communication'],1,dictionary
3895543303,Marketing Intern,Minor History,"New York, NY",Internship,,"['Communication', 'Marketing', 'Sales']",3,dictionary
3902761069,Journeyman - Plumber,RK,"Cheyenne, WY",Part-time,Entry level,['Communication'],1,dictionary
3903810125,Desktop Support Specialist I,Akkodis,"Austin, Texas Metropolitan Area",Contract,Associate,['Communication'],1,dictionary
3901986365,"Summer Intern, Quality Engineer",SiriusXM,"Farmington Hills, MI",Full-time,Internship,"['Communication', 'R', 'Sales']",3,dictionary
3888972090,Executive Vice President,Heitmeyer Consulting,"Cincinnati, OH",Full-time,Executive,['Machine Learning'],1,dictionary
3887472191,Science Teacher,Mount Prospect Academy,"Bennington, VT",Full-time,,[],0,dictionary
3903442455,Litigation Paralegal - Arbitration/Investigations,Lexitas Legal Talent Outsourcing,New York City Metropolitan Area,Temporary,Mid-Senior level,['Microsoft Office'],1,dictionary
3904949095,E&I Technician A,Huhtamaki,"Waterville, ME",Full-time,,[],0,dictionary
3901950329,HR Business Process and Systems Specialist - JP4323 (1309431),Experis,"Auburn Hills, MI",Contract,Entry level,"['Communication', 'Project Management']",2,dictionary
3891080775,SAP BTP Architect (No H1B),Intellicept Inc,"San Ramon, CA",Contract,,[],0,dictionary
3900958503,Senior Business Analyst,Robert Half,"Washington, United States",Temporary,Associate,['Communication'],1,dictionary
3884435113,Events Coordinator,Elevation Talent Group,Greater Cleveland,Contract,Associate,"['Marketing', 'Project Management']",2,dictionary
3901460768,Director of Business Development,Nina McLemore,"New York, NY",Full-time,Mid-Senior level,"['Customer Service', 'Leadership', 'Marketing', 'Sales']",4,dictionary
3884894273,"Travel Nurse RN - Telemetry - $2,206 per week in Martinsburg, WV",TravelNurseSource,"Martinsburg, WV",Full-time,Entry level,[],0,dictionary
3902801553,Program Management Analyst (PMA),HTC Global Services,"Dearborn, MI",Full-time,Mid-Senior level,[],0,dictionary
3884829128,Aquatics Specialist,Petco,"Sequim, WA",Part-time,Mid-Senior level,"['Communication', 'Sales']",2,dictionary
3887495643,Risk Consultant,Marsh McLennan Agency,"Aliso Viejo, CA",Part-time,Director,"['Communication', 'Microsoft Office', 'Sales']",3,dictionary
3902352229,Transportation Professional ,ARC Industries,"Columbus, Ohio Metropolitan Area",Part-time,Entry level,[],0,dictionary
3904509996,Greenhouse/Nursery Manager,Mount Auburn Cemetery,"Cambridge, MA",Full-time,Mid-Senior level,['Sales'],1,dictionary
3902861910,Food Service Worker,Riverview Regional Medical Center,"Gadsden, AL",Other,Entry level,[],0,dictionary
3905201269,Concrete Finisher,Flatiron Construction,"Dunn, NC",Temporary,Associate,[],0,dictionary
3887835642,Research Finance Administrator I,RAND,Los Angeles Metropolitan Area,Full-time,Associate,"['Excel', 'R']",2,dictionary
3904427434,Summer Internship,RS,"Fort Worth, TX",Internship,Internship,"['Communication', 'Leadership', 'Power BI', 'Sales']",4,dictionary
3904930112,"Representative, Sales Experienced",CHS Inc.,"Missoula, MT",Contract,Entry level,"['Communication', 'Customer Service', 'Excel', 'Marketing', 'Microsoft Office', 'Sales']",6,dictionary
3904419266,Retail Sales and Store Support,Safeway,"Denver, CO",Part-time,Entry level,['Sales'],1,dictionary
3891061384,"Van, Delivery Drivers.",Gi Group,"Andover, MA",Other,Entry level,[],0,dictionary
3901636810,Human Resources Coordinator,DIY Media Group,"Pennsauken, NJ",Full-time,,"['Communication', 'Microsoft Office']",2,dictionary
3906238902,Hospice Guest Services,"Midland Care Connection, Inc.","Topeka, KS",Part-time,Entry level,['Communication'],1,dictionary
3905233975,Production Supervisor,Apex Placement & Consulting,"Detroit, MI",Full-time,Associate,"['Customer Service', 'Leadership']",2,dictionary
3902742553,Fund Controller Associate,Michael Page,"Wilmington, DE",Contract,Director,[],0,dictionary
3901987413,Guest Experience Specialist (Sales Associate),Petco,"Plaistow, NH",Part-time,Entry level,"['Communication', 'Leadership', 'Sales']",3,dictionary
3887906639,Controller,Creative Financial Staffing (CFS),"Franklin, TN",Full-time,Director,"['Communication', 'Excel', 'Leadership']",3,dictionary
3903425829,Social Media Manager,Trupanion,"Seattle, WA",Full-time,Associate,"['Communication', 'Leadership', 'Marketing']",3,dictionary
3906256677,Intern - Year Round (Desktop Support),Navy Federal Credit Union,"Vienna, VA",Other,Internship,"['Communication', 'Customer Service']",2,dictionary
3900962384,"Licensed Vocational Nurse, LVN - Med/Surg - Per Diem (11am - 5pm)",St. Francis Medical Center,"Lynwood, CA",Other,Entry level,[],0,dictionary
3903817383,Design Lead,Work & Co,"Portland, Oregon Metropolitan Area",Full-time,Mid-Senior level,['Communication'],1,dictionary
3887470642,Regional Finance Manager,PEG Staffing & Recruiting,Greater St. Louis,Full-time,Mid-Senior level,['Communication'],1,dictionary
3903445185,Senior DevOps Engineer- (Only W2),NLB Services,"Charlotte, NC",Contract,,"['Docker', 'Java']",2,dictionary
3900953058,"CDL-A Driver, Shuttle - Night Shift",Core-Mark International,"Sacramento, CA",Full-time,Entry level,[],0,dictionary
3901939535,Senior Director Supply Chain,Culligan International,"Chicago, IL",Full-time,Executive,"['Communication', 'Leadership', 'Marketing', 'Sales']",4,dictionary
3895860777,Travel Allied Health Professional - Surgical Technologist,"PROVIDENCE HEALTH CARE STAFFING, INC.","Aberdeen, WA",Temporary,Mid-Senior level,[],0,dictionary
3902868084,Vice President of Accounting and Corporate Controller,Compassus,"Brentwood, TN",Full-time,Executive,[],0,dictionary
3906227717,Teller Part Time,Wells Fargo,"Santa Fe, NM",Part-time,Associate,['R'],1,dictionary
3901678369,Volunteer: VA: Hampton City - drive cancer patients to treatment,VolunteerMatch,"Hampton, VA",Volunteer,Associate,[],0,dictionary
3889768807,  E-Discovery Project Manager,Saicon,Washington DC-Baltimore Area,Contract,Mid-Senior level,"['Communication', 'SQL']",2,dictionary
3903843354,Warehouse Associate I (Mon-Fri),"Patterson Companies, Inc.","Kent, WA",Full-time,Entry level,['Sales'],1,dictionary
3901942307,EHS Manager [AA-13662],"Shirley Parsons, North America","Minneapolis, MN",Full-time,Mid-Senior level,"['Communication', 'Leadership']",2,dictionary
3885112508,Bartender,Drybar,"Las Vegas, NV",Part-time,Associate,[],0,dictionary
3901355524,AI Content Writer,DataAnnotation,Greater Tampa Bay Area,Contract,,[],0,dictionary
3899533841,Sr. SAP Finance Consultant/Architect,TEK Inspirations LLC,"San Jose, CA",Contract,,"['Communication', 'Leadership']",2,dictionary
3902344231,Chief Technology Officer [28227],Stealth,"Boston, MA",Full-time,Executive,"['Communication', 'Marketing', 'Project Management']",3,dictionary
3902348109,Administrative Assistant,Kelly Services,"Blue Ash, OH",Temporary,Associate,"['Communication', 'Microsoft Office']",2,dictionary
3898175244,Executive Director,Harmony Senior Services,"Lorton, VA",Full-time,Executive,"['Communication', 'Customer Service', 'Marketing', 'R', 'Sales']",5,dictionary
3901961855,Assistant Controller,Robert Half,"Salt Lake County, UT",Contract,Mid-Senior level,"['Communication', 'Excel']",2,dictionary
3885104612,Project Accountant,BOWA Construction,Greater Chicago Area,Full-time,Associate,['Communication'],1,dictionary
3901997568,"C# Developer, Payments",Versapay,United States,Full-time,Entry level,"['C#', 'CSS', 'Git', 'HTML', 'JavaScript', 'R', 'SQL']",7,dictionary
3904961016,Behavioral Health LPN,YesCare,"Louisville, KY",Full-time,Entry level,[],0,dictionary
3904992419,Retail Sales Associate,Harbor Freight Tools,"Mechanicsville, VA",Part-time,Entry level,['Sales'],1,dictionary
3887489625,Sales Representative,Sysco,"Milbridge, ME",Full-time,Entry level,"['Marketing', 'Microsoft Office', 'Sales']",3,dictionary
3902762027,HR Business Partner I - Student Success,University of South Florida,"Tampa, FL",Full-time,Internship,"['Excel', 'Leadership']",2,dictionary
3894866351,Nurse Practitioner/Physician Assistant,Marquis Companies,"Portland, OR",Full-time,Mid-Senior level,[],0,dictionary
3902758097,Senior Endpoint Security Engineer,Micron Technology,"Boise, ID",Full-time,Mid-Senior level,[],0,dictionary
3902343453,Addiction Recovery Mentor - Community Response Team,The Job Network,"Salem, OR",Contract,,[],0,dictionary
3904997242,Foreign Exchange Advisor,Cargill,"Wayzata, MN",Full-time,Director,"['Leadership', 'Tableau']",2,dictionary
3901988155,Enterprise Account Manager (Remote - US),Firstup,"San Francisco, CA",Full-time,Mid-Senior level,"['Communication', 'Leadership', 'Sales']",3,dictionary
3888001557,Merchandising Part Time Days,"Lowe's Companies, Inc.","Laurel, MD",Part-time,,['Sales'],1,dictionary
3901457373,Engineering Intern,Summit Polymers,"Lawrenceburg, KY",Internship,Internship,['Customer Service'],1,dictionary
3905353098,Software Sales Representative,Odoo,Buffalo-Niagara Falls Area,Full-time,Entry level,['Sales'],1,dictionary
3905248965,MetroWest Nonprofit Network Coordinator,MWNN - MetroWest Nonprofit Network,Greater Boston,Part-time,,['Communication'],1,dictionary
3894200662,"Locum Anesthesiology Physician job in Fredericksburg, VA - Make $300/hr - $315/hr",Aya Locums,"Fredericksburg, VA",Full-time,Mid-Senior level,[],0,dictionary
3905200002,Sales Executive,City Lifestyle,"Sammamish, WA",Full-time,Director,['Sales'],1,dictionary
3904720286,Mental Health Clinician- 10-month and 12 month appointment,Missouri State University,"Springfield, MO",Contract,Entry level,[],0,dictionary
3888029809,Human Resources Assistant,Hays,Los Angeles Metropolitan Area,Contract,Associate,"['Communication', 'Microsoft Office']",2,dictionary
3902736387,"Wind Technician- Field Service Technician -- Roscoe, TX",Siemens Gamesa,"Roscoe, TX",Full-time,Associate,"['Communication', 'Excel', 'Leadership']",3,dictionary
3898165238,Full-Time/Part-Time Sales Associate (Charleston Location),PAIGE,"Charleston, South Carolina Metropolitan Area",Full-time,Entry level,"['Customer Service', 'Sales']",2,dictionary
3887708073,Educational Facilitator,Compass Connections,"San Antonio, TX",Other,Entry level,[],0,dictionary
3898177762,Systems Test Engineer- EO/IR imaging and Laser Systems,Zeektek,"Wilsonville, OR",Contract,Associate,"['Excel', 'Leadership']",2,dictionary
3902736820,BBW Key Holder-SAMPSON CROSSING SHOPPING CE,Bath & Body Works,"Clinton, NC",Part-time,Associate,"['Customer Service', 'Leadership', 'Sales']",3,dictionary
3884826549,Registered Nurse- Part Time Days,"Advanced Correctional Healthcare, Inc.","Tama, IA",Part-time,Mid-Senior level,"['Communication', 'PyTorch']",2,dictionary
3902359200,Data Entry Clerk,nTech Workforce,"Fairfax, VA",Contract,Entry level,"['Communication', 'Excel', 'Microsoft Office']",3,dictionary
3901951595,Research and Development Intern,Hoffmaster,"Clintonville, WI",Internship,Internship,['R'],1,dictionary
3902362868,Network and Systems Support Engineer,Randstad Digital,"Jackson, MS",Contract,Associate,"['Azure', 'Communication', 'Microsoft Office', 'SQL']",4,dictionary
3902343445,Director of Engineering,Confidential Company,"Cincinnati, OH",Full-time,Director,"['Microsoft Office', 'Project Management', 'Sales']",3,dictionary
3902354367,Sales Representative,American Fidelity Sales Careers,"Pittsburgh, PA",Full-time,Associate,['Sales'],1,dictionary
3903816339,Truck Driver Part-Time,Ferrellgas,"Greer, SC",Part-time,Entry level,['Customer Service'],1,dictionary
3898163599,Labor Resource Coordinator,Granger Construction,"Lansing, MI",Full-time,Associate,"['Communication', 'Leadership', 'Microsoft Office']",3,dictionary
3902829581,Wealth Management Advisor,Northwestern Mutual - Philadelphia,Greater Philadelphia,Full-time,Mid-Senior level,"['Communication', 'Leadership', 'Sales']",3,dictionary
3902861936,"Dean of Curriculum, Instruction, and Assessment (DCI-24)",Oakton College,"Des Plaines, IL",Part-time,Director,"['Communication', 'Computer Vision', 'Leadership', 'Microsoft Office']",4,dictionary
3887870898,Volunteer: Back-end Technical Mentor,VolunteerMatch,"College Station, TX",Volunteer,Associate,"['Communication', 'Java', 'Leadership']",3,dictionary
3884823833,Scrum Master,Deloitte,"Washington, DC",Full-time,,['Project Management'],1,dictionary
3901360080,Customer Advocacy Manager - Collections,Microsoft,"Redmond, WA",Full-time,,"['Data Science', 'Leadership']",2,dictionary
3901651458,Senior Account Executive - US,Talent Job Seeker,Utica-Rome Area,Full-time,Mid-Senior level,"['Data Science', 'Leadership', 'Machine Learning', 'Marketing', 'Sales']",5,dictionary
3887870896,Volunteer: Automation Tester,VolunteerMatch,"Spokane, WA",Volunteer,Associate,"['Communication', 'Java', 'JavaScript', 'Python']",4,dictionary
3905288230,Territory Sales Manager,Philip Morris International,"Austin, TX",Other,,"['Communication', 'Marketing', 'Microsoft Office', 'Sales']",4,dictionary
3885837131,Registered Nurse Psych PRN,HCA Florida Kendall Hospital,"Miami, FL",Part-time,Mid-Senior level,[],0,dictionary
3903820016,Fire Sprinkler Apprentice,Summit Fire & Security,Greater Houston,Full-time,Internship,"['Customer Service', 'Leadership']",2,dictionary
3894554205,Host/Hostess - Japengo - Part Time ,Hyatt Regency,"Lahaina, HI",Part-time,Mid-Senior level,['Communication'],1,dictionary
3901964044,Nurse Apprentice Surgical Short Stay Unit PRN Days,Trinity Health,"Boise, ID",Part-time,Internship,['Leadership'],1,dictionary
3901958358,School Psychologist,Educational Service District 112,"Toutle, WA",Part-time,Associate,[],0,dictionary
3885830335,Cardiac Sonographer,Maxim Healthcare Staffing,"Vancouver, WA",Full-time,Entry level,"['Communication', 'Customer Service']",2,dictionary
3075721793,Architect/Project Manager,ASA Architects,"Las Cruces, NM",Full-time,,['Communication'],1,dictionary
3891074827,Azure Architect / Solution Architect (onsite work required),"Byrne Software Technologies, Inc.","Sumter County, SC",Contract,,"['Azure', 'Kubernetes']",2,dictionary
3901689116,Lab Assistant ,eTeam,"Clifton, NJ",Contract,Mid-Senior level,[],0,dictionary
3891249516,Program Director,Southwest Key Programs,"Surprise, AZ",Full-time,Director,['React'],1,dictionary
3901976757,PLC Programmer Instructor,Industrial Technical Training,Greater Houston,Part-time,,[],0,dictionary
3905296112,Quality Engineer,"Search Masters, Inc.","Wickliffe, OH",Full-time,Associate,[],0,dictionary
3889283907,Trainee Technician - Windscreen Repair & Replacement - Enfield,Autoglass®,"Enfield, CT",Full-time,Internship,['Customer Service'],1,dictionary
3902314040,"Travel Nurse RN - CVICU - $2,228 per week in Medford, OR",TravelNurseSource,"Medford, OR",Temporary,Mid-Senior level,[],0,dictionary
3827268681,Entry Level Financial Professional,Global Financial Impact (GFI),"Austin, Texas Metropolitan Area",Part-time,,"['Communication', 'Customer Service', 'Leadership', 'Marketing']",4,dictionary
3889712945,Local Delivery Driver,Staffmark Group,"Avon, MA",Temporary,Entry level,[],0,dictionary
3902316721,Customer Service Representative,David's Bridal,"Florence, SC",Part-time,Mid-Senior level,"['Customer Service', 'Leadership', 'Sales']",3,dictionary
3901963613,Account Manager,Agilix Solutions,Memphis Metropolitan Area,Full-time,Mid-Senior level,"['Communication', 'Marketing', 'Microsoft Office', 'Sales']",4,dictionary
3904421176,Inside Sales Associate CosmoProf 06062,Sally Beauty,"Braintree, MA",Other,Entry level,['Sales'],1,dictionary
3905331726,Patient Care Technician,DaVita Kidney Care,"Las Vegas, NV",Part-time,Entry level,['Leadership'],1,dictionary
3905307683,SMT Lab Engineer II,Universal Instruments Corporation,"Conklin, NY",Part-time,Entry level,['Microsoft Office'],1,dictionary
3901936746,Associate Attorney,Fears Law,"Dallas, TX",Full-time,Associate,[],0,dictionary
3886443632,retail sales associate lodge,DICK'S Sporting Goods,"Brick, NJ",Part-time,Entry level,['Sales'],1,dictionary
3905887169,Sr. Angular / Front End Developer,OTSI - Object Technology Solutions Inc.,"Overland Park, KS",Contract,Mid-Senior level,"['Azure', 'C#', 'Communication', 'Git', 'Leadership', 'SQL']",6,dictionary
3904725151,Urban Outfitters Key Holder - Part Time,Urban Outfitters,"Kansas City, MO",Part-time,,"['Communication', 'Leadership', 'Sales']",3,dictionary
3904403356,Payroll and HRIS Administrator,FedPoint,"Portsmouth, NH",Temporary,Associate,['Microsoft Office'],1,dictionary
3900950644,Cook,Shorehaven,"Oconomowoc, WI",Part-time,,[],0,dictionary
3905342059,Accounting/Administrative Support,"Bassett Furniture Industries, Inc.","Fayetteville, AR",Part-time,Entry level,"['Communication', 'Customer Service', 'Excel', 'Sales']",4,dictionary
3905821163,Consumer Marketing Manager,Asmodee,"Lino Lakes, MN",Full-time,Associate,"['Communication', 'Marketing', 'Sales']",3,dictionary
3904995390,OJT Student - Fall 2024,Afinitas,"Sleepy Eye, MN",Part-time,Internship,[],0,dictionary
3906253841,Respiratory Care Practitioner/Respiratory Therapist - PRN Days | Dayton LTACH,PAM Health Specialty Hospital of Dayton,"Miamisburg, OH",Part-time,Entry level,"['Customer Service', 'Leadership']",2,dictionary
3902865689,Registered Nurse ICU,Suburban Community Hospital,"East Norriton, PA",Other,Mid-Senior level,[],0,dictionary
3905296725,Training Specialist (PRN | As Needed),Children's National Hospital,"Washington, DC",Full-time,Internship,"['Communication', 'Customer Service', 'Microsoft Office', 'R']",4,dictionary
3884431797,Work Based Learning Coordinator,Des Moines Public Schools,"Des Moines, IA",Internship,Entry level,"['Adobe Illustrator', 'Adobe Photoshop']",2,dictionary
3884808461,Truck Driver - Hiker/Vehicle Transporter/CDL - Part Time,Penske Truck Leasing,"Salina, KS",Part-time,,['Customer Service'],1,dictionary
3891074461,Delivery Driver,Papa Johns,Atlanta Metropolitan Area,Full-time,Entry level,[],0,dictionary
3901940568,Student Intern,SLB,"Cambridge, MA",Internship,Internship,[],0,dictionary
3898168807,Nurse - CNA - LTC,Solomon Page,"Kennebunk, ME",Contract,Entry level,[],0,dictionary
3905835864,Sales Engineer,Acadia Capital Group,"Portland, Maine Metropolitan Area",Full-time,,"['Communication', 'Customer Service', 'Leadership', 'Sales']",4,dictionary
3904987360,"Senior Associate, International Tax",Alvarez & Marsal,"Washington, DC",Internship,Mid-Senior level,"['Communication', 'Excel', 'Microsoft Office', 'Project Management']",4,dictionary
3884497908,Account Executive,WebMD,Los Angeles Metropolitan Area,Full-time,Associate,"['Excel', 'Leadership', 'Sales']",3,dictionary
3904391827,Housing System Analyst & Data Manager,"California State University, Chico",Greater Chico Area,Full-time,Associate,"['Excel', 'Leadership', 'Project Management']",3,dictionary
3821064325,Volunteer Child Care,Night Lights,"Arvada, CO",Volunteer,,['Leadership'],1,dictionary
3884933108,Hotel Housekeeper- TE,Wisconsin Union,"Madison, WI",Temporary,Entry level,['Customer Service'],1,dictionary
3905396506,Director of Engineering - Utilities (Remote),Conagra Brands,"Omaha, NE",Full-time,Director,['Leadership'],1,dictionary
3884432548,Sales Development Representative,Phreesia,Raleigh-Durham-Chapel Hill Area,Full-time,Entry level,"['Marketing', 'Sales']",2,dictionary
3884820697,Sales Development Intern,Ingersoll Rand,"Bryan, OH",Internship,Internship,"['Communication', 'Marketing', 'Sales']",3,dictionary
3894889517,Design Engineer,We Search People,Greensboro--Winston-Salem--High Point Area,Full-time,Mid-Senior level,"['Communication', 'Excel']",2,dictionary
3905396159,Assistant Store Manager,Extra Space Storage,"Brooklyn, NY",Full-time,Associate,"['Customer Service', 'Sales']",2,dictionary
3902363941,"Chief Financial Officer – Innovative Food Production, 78773","Truenorth Executive Search, Inc.","Sacramento, CA",Full-time,Executive,[],0,dictionary
3904713859,Pharmacy Technician & Technician Trainee,RITE AID,"Oak Harbor, OH",Full-time,Internship,[],0,dictionary
3884825557,Stocker / Cashier,Petco,"Wauwatosa, WI",Part-time,Entry level,"['Communication', 'Sales']",2,dictionary
3887705173,Certified Medical Coder,mosaicpartners,"Portland, Oregon Metropolitan Area",Full-time,Associate,"['Communication', 'Excel']",2,dictionary
3894933183,Plant Construction Director,Hunt Guillot & Associates (HGA),"Houston, TX",Temporary,Director,"['Communication', 'Project Management']",2,dictionary
3905251878,ASSOCIATE BANKER,BMO U.S.,"Delavan, WI",Part-time,,"['Communication', 'Customer Service', 'Marketing', 'Sales']",4,dictionary
3887479672,Business Owner,City Lifestyle,"Oconomowoc, WI",Full-time,Director,['Sales'],1,dictionary
3901349803,Software Developer,DataAnnotation,Atlanta Metropolitan Area,Contract,,"['C#', 'C++', 'HTML', 'JavaScript', 'Python', 'SQL']",6,dictionary
3901454540,Outside Sales Representative,"Building Material Distributors, Inc. (BMD, Inc.)","Greenville-Washington, North Carolina Area",Full-time,,"['Marketing', 'Sales']",2,dictionary
3885110725,Senior Technical Lead - Investment Management,InvestM Technology LLC,San Francisco Bay Area,Full-time,Director,"['C#', 'Communication', 'Leadership', 'Python', 'SQL']",5,dictionary
3902882117,Paid Media Manager,InEight,United States,Full-time,Associate,"['Leadership', 'Project Management']",2,dictionary
3905881686,"Vice President, Human Resources (Production)",Moore,Washington DC-Baltimore Area,Full-time,Executive,"['Communication', 'Leadership', 'Marketing', 'Microsoft Office', 'Project Management']",5,dictionary
3905287416,Seasonal Sales Associate - Cumberland Mall,Pandora,"Atlanta, GA",Part-time,,"['Communication', 'Microsoft Office', 'Sales']",3,dictionary
3887575782,Assistant Site Manager,Zips Car Wash LLC,"Louisville, KY",Full-time,Mid-Senior level,"['Customer Service', 'Sales']",2,dictionary
3906259573,Compliance Analyst I,Navy Federal Credit Union,"Winchester, VA",Other,Mid-Senior level,"['Communication', 'Excel', 'Project Management']",3,dictionary
3905367824,Director of Procurement,"Johnson Service Group, Inc.","Madawaska, ME",Full-time,Director,[],0,dictionary
3906231868,Mental Health Therapist (Contractor),Spring Health,"Huntsville, AL",Contract,,"['Machine Learning', 'Marketing']",2,dictionary
3906089982,Chief of Staff,Fin,United States,Part-time,Executive,['Communication'],1,dictionary
3904363838,Part-Time Key Holder - Westfield Century City,Psycho Bunny,Los Angeles Metropolitan Area,Part-time,Mid-Senior level,"['Communication', 'Sales']",2,dictionary
3901657414,Sales Support Retail - Helper - Seasonal FT Assignment,Buffalo Rock Company,"Huntsville, AL",Temporary,Entry level,"['Communication', 'Marketing', 'Sales']",3,dictionary
3894946289,Pre-Construction Coordinator/Estimator,,Charlotte Metro,Full-time,,"['Communication', 'Excel', 'Microsoft Office']",3,dictionary
3904385601,Vice President Human Resources,Partners,Greater Houston,Full-time,Director,"['Communication', 'Leadership', 'Sales']",3,dictionary
3888942338,Part-time Sales Associate - Tanger outlets,Aéropostale,"Atlantic City, WY",Part-time,Entry level,['Sales'],1,dictionary
3884439533,Vice President Compliance,Social Capital Resources,New York City Metropolitan Area,Full-time,Director,"['Communication', 'Marketing']",2,dictionary
3884434795,Retail Sales Print & Marketing Associate,Staples Stores,"Huntsville, AL",Part-time,Entry level,"['Customer Service', 'Marketing', 'Sales']",3,dictionary
3904965947,Sales Consultant Trainee,CarMax,"Kenosha, WI",Full-time,Internship,"['Customer Service', 'Sales']",2,dictionary
3905264067,Technical/College Recruiter,Aviation & Missile Solutions,"Huntsville, AL",Full-time,,[],0,dictionary
3905611095,"Director, Sales Development- Advertising",Effectv,"Towson, MD",Full-time,Director,"['Leadership', 'Marketing', 'Sales']",3,dictionary
3906235515,Administrative Manager,Dal-Tile LLC,"Boston, MA",Full-time,Mid-Senior level,"['Communication', 'Customer Service', 'Excel', 'Leadership', 'Sales']",5,dictionary
3904581349,Senior Recruiter (Volunteer Role-Unpaid),Fact Finders Pro,"Seattle, WA",Volunteer,,['Communication'],1,dictionary
3905293690,Associate Facilitator,Johnson & Johnson,San Angelo Area,Full-time,,"['Communication', 'Customer Service', 'Excel']",3,dictionary
3885816926,Air Export Representative,Addison Group,"Itasca, IL",Other,Mid-Senior level,"['Communication', 'Excel', 'Microsoft Office']",3,dictionary
3901366546,Resident Counselor House of Mercy,Trinity Health,"Des Moines, IA",Part-time,Mid-Senior level,[],0,dictionary
3891269027,Nurse - RN - Labor and Delivery / L&D,Solomon Page,"Carlsbad, NM",Contract,Mid-Senior level,['Communication'],1,dictionary
3906256319,Campus Retail Associate (Temporary),Barnes & Noble College,"Sault Ste. Marie, MI",Temporary,Mid-Senior level,"['Customer Service', 'Excel', 'Sales']",3,dictionary
3899531139,Registered Nurse - MedSurg (Open Continuous),HHS Careers,"Claremore, OK",Part-time,Mid-Senior level,['Leadership'],1,dictionary
3891078565,Case Manager,Sioux Falls CASA,"Sioux Falls, SD",Full-time,,['Communication'],1,dictionary
3905316244,Technician,Stanton Optical,"Columbia, South Carolina Metropolitan Area",Part-time,,"['Communication', 'Customer Service']",2,dictionary
3903815048,Recreation Specialist ,Destination by Hyatt,"Stowe, VT",Temporary,Entry level,"['Communication', 'Customer Service', 'Leadership']",3,dictionary
3906069750,Medical Laboratory Technologist,Synectics Inc.,"Howe, ID",Contract,Mid-Senior level,"['Communication', 'Excel']",2,dictionary
3900939885,"Substation Trainee - 90373996 - Odenton, MD",Amtrak,"Odenton, MD",Full-time,Internship,"['Communication', 'Excel']",2,dictionary
3887872335,Volunteer: Take on a Special Project to support lonely and isolated seniors in Chicago!,VolunteerMatch,"Chicago, IL",Volunteer,Associate,[],0,dictionary
3887864922,In-Store Shopper - Seasonal,Whole Foods Market,"Sudbury, MA",Temporary,Entry level,['Customer Service'],1,dictionary
3903843398,Ombudsman Specialist (W2 and local Candidates ),Sharp Decisions,"Washington, DC",Contract,Associate,"['Communication', 'Excel', 'Leadership']",3,dictionary
3905310327,Account Executive (Away From Home) ,The Kitchen North America,"Chicago, IL",Full-time,Executive,"['Communication', 'Marketing', 'Project Management']",3,dictionary
3884434764,Customer Service Representative,Goosehead Insurance Agency,"San Antonio, Texas Metropolitan Area",Full-time,Entry level,"['Communication', 'Customer Service']",2,dictionary
3898175469,Event Day Attendant,Legends,"Commerce City, CO",Temporary,Entry level,['Sales'],1,dictionary
3902865786,APP University of Michigan Health-Sparrow Lansing-OB Triage,Sparrow Health System,"Lansing, MI",Other,Entry level,['Leadership'],1,dictionary
3904717095,"Summer Associate, Cell Culture/Upstream Process Development (Temporary)","Vir Biotechnology, Inc.","San Francisco, CA",Temporary,Associate,['Communication'],1,dictionary
3884447170,Tier 3 Route Switch Engineer,Experis,United States,Contract,Entry level,"['Communication', 'R']",2,dictionary
3902787464,Facilities Coordinator,Addison Group,"Downers Grove, IL",Other,Entry level,"['Excel', 'Leadership', 'Microsoft Office']",3,dictionary
3885860807,ISP (Inside Plant) Engineer I,Spectrum,"Mechanic Falls, ME",Full-time,,['Communication'],1,dictionary
3904362797,"Apprentice Jeweler - Signet Jewelers - Shops at La Palmera - Corpus Christi, TX",Signet Jewelers,Greater Corpus Christi Area,Full-time,Internship,['Customer Service'],1,dictionary
3902362297,Store Delivery Driver (Part Time),NAPA Auto Parts,"Rolla, MO",Part-time,Entry level,[],0,dictionary
3890897726,Financial Analyst (IT Cost Management),Cloud Destinations,"Denver, CO",Contract,,"['Communication', 'Excel', 'Leadership', 'Power BI', 'Project Management']",5,dictionary
3902355248,Electrical Control Engineer,EPITEC,"New Albany, OH",Contract,Mid-Senior level,"['Communication', 'Excel', 'Microsoft Office', 'Project Management']",4,dictionary
2826285517,"Assistant Director of Admission, Midwest Regional Representative",Butler University,"Minneapolis, MN",Full-time,,"['Communication', 'Leadership']",2,dictionary
3884807480,Research Assistant,Palo Alto VA Hospital,"Palo Alto, CA",Volunteer,,['Computer Vision'],1,dictionary
3902936056,Administrative Assistant,Technical Solutions Inc.,Greater Pittsburgh Region,Full-time,Entry level,"['Communication', 'Excel', 'Microsoft Office']",3,dictionary
3901941921,Service Supervisor,Ingersoll Rand,"Menomonee Falls, WI",Contract,Mid-Senior level,"['Communication', 'Customer Service', 'Microsoft Office', 'Sales']",4,dictionary
3905848862,Graphic Designer,NP Agency,"Washington, DC",Temporary,,"['Adobe Illustrator', 'Adobe Photoshop', 'Marketing', 'Microsoft Office']",4,dictionary
3902366763,Senior Workday Grants and Endowments Implementation Lead,Medasource,United States,Contract,Executive,[],0,dictionary
3889450733,Travel Ultrasound Tech (Sonographer) Sonography (Sono),Epic Travel Staffing,"Williston, ND",Contract,,[],0,dictionary
3904941829,QC Analyst,Apex Systems,"Winchester, KY",Contract,Entry level,['Excel'],1,dictionary
3904942486,Assembler I - 2nd Shift M-F 5:00pm - 1:30am,Bausch + Lomb,"Greenville-Spartanburg-Anderson, South Carolina Area",Full-time,Entry level,"['Communication', 'Excel']",2,dictionary
3895811752,Global Procurement Intern,iFIT,"Logan, UT",Part-time,Internship,[],0,dictionary
3905327625,HR (Human Resources) Intern,The Job Network,"Bethel, CT",Internship,,['Microsoft Office'],1,dictionary
3902780719,Commercial Real Estate Attorney (TEMP),Innovative Driven,"New York, NY",Temporary,Associate,[],0,dictionary
3904360943,DSP - Supported Living - Saturday shifts - PT,"Rise Services, Inc.","Orem, UT",Full-time,,['Communication'],1,dictionary
3894984480,Photographer,Creative Circle,Greater Boston,Contract,Associate,[],0,dictionary
3890895140,School Aide/Paraprofessional/ Student Assistant (Soaring Heights School),"Pyramid Healthcare, Inc.",State College-DuBois Area,Full-time,Entry level,[],0,dictionary
3903822755,Director at Mirowitz Center,People Solutions Center,Greater St. Louis,Full-time,Director,"['Communication', 'Leadership', 'Marketing', 'Microsoft Office']",4,dictionary
3898164296,Director of Corporate Communications,LHH,Greensboro--Winston-Salem--High Point Area,Full-time,Director,"['Communication', 'Leadership', 'Marketing', 'Project Management']",4,dictionary
3905686677,"Lead Counsel, Regulatory",Meta,"New York, NY",Full-time,,"['Communication', 'Machine Learning']",2,dictionary
3894547585,Clinical Operations Business Analyst,Tata Consultancy Services,"Indianapolis, IN",Full-time,Mid-Senior level,[],0,dictionary
3900978853,Pool Monitor,Associa,"Reno, NV",Part-time,Entry level,[],0,dictionary
3903807606,Fire Protection Engineering Internship - Summer 2024,"CHA Consulting, Inc.","Cullman, AL",Internship,Internship,"['Communication', 'Microsoft Office']",2,dictionary
3895200257,Executive Assistant,Boldly Premium Executive Assistants,Greater Orlando,Full-time,Mid-Senior level,['Communication'],1,dictionary
3901395165,Low Voltage Journeyman Electrician,Region 6 Systems Integration,Greater Seattle Area,Full-time,,[],0,dictionary
3901991573,Intern - Engineering,ONEOK,"Calumet, OK",Full-time,Internship,"['Communication', 'Marketing']",2,dictionary
3884933304,Advertising Specialist,Ampcus Inc,"Chesapeake, VA",Contract,,"['Customer Service', 'Marketing', 'Sales']",3,dictionary
3905370296,Lead Wastewater Project Engineer,Wright-Pierce,"Providence, RI",Full-time,Mid-Senior level,['Communication'],1,dictionary
3891072499,Event Staff,"Mack & Associates, Ltd.","Chicago, IL",Temporary,,[],0,dictionary
3894544777,Radiology Technologist,"Team Builders Recruiting and Consulting, LLC","Oregon City, OR",Temporary,Mid-Senior level,[],0,dictionary
3904933793,Chief Executive Officer,YWCA Madison,"Madison, WI",Full-time,Executive,"['Communication', 'Leadership']",2,dictionary
3895221819,"L&I Workers' Compensation Adjudicator 4, Claims Consultant",Washington State Department of Labor & Industries,Greater Seattle Area,Full-time,Mid-Senior level,"['Communication', 'Customer Service']",2,dictionary
3902732814,Clinical Content Strategist (Remote),Cella,"Philadelphia, PA",Contract,Mid-Senior level,"['Communication', 'Marketing', 'Microsoft Office']",3,dictionary
3898161945,Supply Chain Planner,Cypress HCM,Greater Houston,Full-time,Associate,['Excel'],1,dictionary
3891078539,Prevention Specialist,Air Force Civilian Service,"Albuquerque, NM",Full-time,Associate,[],0,dictionary
3901373440,Student Nurse - Telemetry,San Dimas Community Hospital,"San Dimas, CA",Other,Internship,[],0,dictionary
3905287325,Chief Operating Officer,Cubic Corporation,"Ashburn, VA",Full-time,Executive,"['Communication', 'Leadership', 'Sales']",3,dictionary
3900955409,Plant Accountant,Sazerac Company,"Baltimore, MD",Full-time,Associate,"['Communication', 'Customer Service', 'Excel', 'Leadership', 'Microsoft Office']",5,dictionary
3905285642,Intern Technician,Foley Equipment,"Manhattan, KS",Internship,Internship,"['Excel', 'Sales']",2,dictionary
3906095555,SAP System Analyst,Gentis Solutions,"Erlanger, KY",Contract,Mid-Senior level,['Communication'],1,dictionary
3184403524,Events & Communications Assistant,San José Clinic,"Houston, TX",Internship,,"['Communication', 'Excel', 'Marketing', 'Microsoft Office']",4,dictionary
3901991101,Groomer,Petco,"Cheyenne, WY",Full-time,Entry level,"['Communication', 'Customer Service']",2,dictionary
3901936794,Oracle Cloud SCM Lead,Incipient Corp.,"Boston, MA",Contract,,['Communication'],1,dictionary
3891254113,Surgical Technician (PRN) - Deer Creek Surgery Center,EyeCare Partners,"Overland Park, KS",Full-time,Associate,"['Communication', 'Customer Service']",2,dictionary
3904384939,EEG Tech Trainee - Days,INTEGRIS Health,"Oklahoma City, OK",Full-time,Internship,[],0,dictionary
3903811025,SAP IT Director of Applications ,"ERP Recruiting, LLC",Greater Cleveland,Full-time,Director,['Leadership'],1,dictionary
3901936917,Project Manager,Albireo Energy,San Diego Metropolitan Area,Full-time,Mid-Senior level,"['Communication', 'Microsoft Office', 'Project Management']",3,dictionary
3904385573,Fractional Chief Financial Officer,FocusCFO®,Las Vegas Metropolitan Area,Part-time,Executive,[],0,dictionary
3901677473,Volunteer: Regional Director,VolunteerMatch,"Huntington, WV",Volunteer,Associate,['Communication'],1,dictionary
3887586980,Regional Sales Manager (Office Furniture),Jobot,"Memphis, TN",Full-time,Mid-Senior level,"['Communication', 'Sales']",2,dictionary
3904960023,CFO,Robert Half,"Mason City, IA",Full-time,Executive,"['Communication', 'Excel', 'Leadership', 'Marketing']",4,dictionary
3898168583,Retail Management Intern,Casey's,"Fargo, ND",Internship,Internship,"['Communication', 'Leadership']",2,dictionary
3884822329,Production Scheduler - 1st Shift,Ingersoll Rand,"Ivyland, PA",Internship,Entry level,"['Excel', 'Sales']",2,dictionary
3889192454,Travel Therapy - Physical Therapist,OneStaff Medical,"Winona, MS",Part-time,Entry level,[],0,dictionary
3902350447,Salesforce Solution Architect,Peritus - A Colina Tech Group,"Plainsboro, NJ",Contract,,"['CSS', 'Communication', 'HTML', 'JavaScript', 'Marketing', 'Sales']",6,dictionary
3906233012,Part Time - Loader/Cart Associate - Flexible,"Lowe's Companies, Inc.","Havertown, PA",Part-time,Associate,"['Customer Service', 'Sales']",2,dictionary
3901942173,Field Service Technician,Knight Office Solutions,Greater Corpus Christi Area,Full-time,,['Customer Service'],1,dictionary
3903472737,Tax Intern | Summer 2024,CBIZ,"New York, NY",Temporary,Internship,"['Microsoft Office', 'Project Management']",2,dictionary
3905871484,MANAGEMENT TRAINING - ENTRY LEVEL,"Millennium Recruiting, Inc.","Pasadena, CA",Full-time,Entry level,"['Communication', 'Excel', 'Leadership', 'Marketing']",4,dictionary
3904708148,BBW Asst Mgr-Sunset Plaza Shopping Center,Bath & Body Works,"San Angelo, TX",Full-time,Associate,"['Communication', 'Leadership', 'Sales']",3,dictionary
3904982667,Markit EDM Developer,Ampstek,"Columbia, South Carolina Metropolitan Area",Contract,,"['AWS', 'SQL']",2,dictionary
3904928575,FIX Onboarding and Product Support Specialist,Robert Half,"New York, NY",Contract,Mid-Senior level,['Communication'],1,dictionary
3888943512,"CPP-5.2, Practice Leader Navigator, Child Protection Unit, Mallee Area","Victorian Department of Families, Fairness & Housing",Greater Morgantown Area,Full-time,Mid-Senior level,"['C++', 'Computer Vision', 'Leadership']",3,dictionary
3901393497,Office Administrator,Mulberry Talent Partners,"Portland, Oregon Metropolitan Area",Contract,Associate,['R'],1,dictionary
3902741285,Social Media Director- 47332,RedBalloon,"Petersburg, KY",Full-time,Director,"['Communication', 'Marketing']",2,dictionary
3887494968,Agency Intern,Marsh McLennan Agency,"Lincoln, NE",Internship,Internship,"['Communication', 'Customer Service', 'Leadership', 'Microsoft Office', 'Sales']",5,dictionary
3904943058,Process Engineering Manager,ChemSource Recruiting,Dayton Metropolitan Area,Full-time,Associate,['Leadership'],1,dictionary
3888959991,Purchasing Coordinator,Montage International,Maui,Full-time,Entry level,[],0,dictionary
3884931721,Maritime Fleet in Service Summer Intern 2024,DNV,"New Orleans, LA",Full-time,Internship,['Communication'],1,dictionary
3905878112,Customer Service Representative,Easterseals-Goodwill Northern Rocky Mountain,"Butte, MT",Full-time,Mid-Senior level,"['Customer Service', 'Sales']",2,dictionary
3895590842,Volunteer Virtual Classroom Speaker (Career Path to Becoming: Journalist),Pathful Inc.,United States,Volunteer,Mid-Senior level,[],0,dictionary
3887702353,Client Services Associate (financial services) ,Ascendo Resources,Miami-Fort Lauderdale Area,Full-time,Associate,"['Excel', 'Project Management']",2,dictionary
3886895530,Obstetrics & Gynecology (OBGYN),AMN Healthcare,"Rapid City, SD",Part-time,,[],0,dictionary
3904929053,Marketing & Social Media Intern,The Social Bee Marketing Agency,"Fairmont, WV",Internship,,"['Communication', 'Marketing', 'Sales']",3,dictionary
3887101070,Software Solutions Architect,Talentmatics,"Lansing, MI",Contract,Associate,"['Communication', 'Docker']",2,dictionary
3905370085,Technician Apprentice Program - Body Apprentice,Caliber Collision,"Bowling Green, KY",Full-time,Internship,[],0,dictionary
3884916084,Marketing Intern,Bear Real Estate Group,"Kenosha, WI",Internship,Entry level,"['Adobe Illustrator', 'Adobe Photoshop', 'Communication', 'Marketing']",4,dictionary
3888940585,Colorado - Part-Time Supervisor - Citadel,Aéropostale,"Colorado Springs, CO",Part-time,Associate,['Sales'],1,dictionary
3905377698,(USA) Pharmacy Grad Intern (Hrly),Walmart,"Klamath Falls, OR",Full-time,Internship,"['Communication', 'Customer Service']",2,dictionary
3898163466,Marketing Project Manager,Greyscalegorilla,United States,Full-time,,"['Communication', 'Marketing', 'Project Management']",3,dictionary
3895235473,Visual Keyholder,H&M,"Knoxville, TN",Full-time,Mid-Senior level,"['Communication', 'Customer Service', 'Marketing', 'Sales']",4,dictionary
3890891763,Executive Director of HSC Recruitment and Admissions,University of Oklahoma,Oklahoma City Metropolitan Area,Full-time,Executive,"['Leadership', 'Marketing']",2,dictionary
3901376538,Director of Engineering,Lutz,"Omaha, NE",Full-time,Director,['Leadership'],1,dictionary
3903828332,Warehouse - Warehouse Lead,Gypsum Management and Supply,Metropolitan Fresno,Full-time,Mid-Senior level,['Leadership'],1,dictionary
3905826015,Center Operations Specialist,USO,"Bethesda, MD",Volunteer,Entry level,"['Customer Service', 'Leadership', 'Marketing', 'Microsoft Office', 'Project Management']",5,dictionary
3887495746,"Retail Fitting Room and Floor Support Associate, Leawood Town Center Plaza - Part Time",Macy's,"Leawood, KS",Part-time,,"['Communication', 'Customer Service', 'Leadership', 'Marketing', 'Sales']",5,dictionary
3905308638,Research Associate - Temporary,Alector,"South San Francisco, CA",Temporary,Associate,['Communication'],1,dictionary
3895597435,Weekend Shift- Fabricator,Veritas Steel LLC,Eau Claire-Menomonie Area,Full-time,Entry level,[],0,dictionary
3891078265,Marketing Communications Specialist,DMS Health Technologies,"Sioux Falls, SD",Full-time,Associate,"['Communication', 'Marketing', 'Sales']",3,dictionary
3884806695,Shift Leader,Papa Johns,Greater Jefferson City Area,Full-time,Mid-Senior level,['Leadership'],1,dictionary
3906257372,Maintenance Planner,BASF,"Savannah, GA",Other,,[],0,dictionary
3904929186,Manufacturing Engineer,A Hiring Company,"Limerick, PA",Full-time,Entry level,"['C++', 'Excel', 'Java', 'Project Management']",4,dictionary
3901676648,"Volunteer: Project Sunshine Volunteer - (Washington, DC) Support Pediatric Patients",VolunteerMatch,"Washington, DC",Volunteer,Associate,['Communication'],1,dictionary
3888955295,"Contracts, Procurement and Supplier Diversity Intern (Fall 2024)",Battelle,"Columbus, OH",Internship,Internship,"['Communication', 'Excel', 'Leadership', 'Microsoft Office']",4,dictionary
3885863881,Sales Director,Porter Group,"McLean, VA",Full-time,Director,['Sales'],1,dictionary
3903815548,Senior Oracle Application Consultant,HRUCKUS,"Washington, DC",Contract,Mid-Senior level,"['Azure', 'Communication', 'Java', 'Project Management', 'Python']",5,dictionary
3895519637,LOSS PREVENTION TECHNOLOGY SPECIALIST,Sally Beauty,"Denton, TX",Other,Entry level,"['Communication', 'Leadership', 'Microsoft Office']",3,dictionary
3900960767,Program Controls Analyst,Form Energy,Greater Pittsburgh Region,Full-time,Mid-Senior level,['Communication'],1,dictionary
3903843689,Customer Service Representative,"Equity LifeStyle Properties, Inc.","Biloxi, MS",Full-time,Mid-Senior level,['Customer Service'],1,dictionary
3905668538,Full Time - CDL Delivery Driver,"Lowe's Companies, Inc.","Jacksonville, AR",Full-time,Entry level,"['Customer Service', 'Sales']",2,dictionary
3901989844,Electrical Engineer,Piper Companies,"Baltimore, MD",Full-time,Entry level,['Microsoft Office'],1,dictionary
3901375467,Art Director ,The Honest Company,Los Angeles Metropolitan Area,Contract,Director,"['Leadership', 'Marketing', 'Sales']",3,dictionary
3905338699,Medical Sales Representative,Rehab Medical,Lake Charles-Jennings Area,Full-time,Entry level,"['Communication', 'Leadership']",2,dictionary
3904960044,Pharmacy Technician | Pharmacy - Contract - Nights,HealthTrust Workforce Solutions,"Asheville, NC",Contract,Entry level,['Leadership'],1,dictionary
3906224870,UI/UX Designer,"Inventory Locator Service,® LLC",Memphis Metropolitan Area,Full-time,Mid-Senior level,"['CSS', 'HTML', 'JavaScript', 'React']",4,dictionary
3895225254,Certified Group Fitness Instructor,YMCA of Prattville,"Prattville, AL",Part-time,,[],0,dictionary
3884822369,Nurse - RN - LTAC,Solomon Page,"Tulsa, OK",Contract,Mid-Senior level,['Communication'],1,dictionary
3906089868,Grant Specialist,Urban Alliance,Washington DC-Baltimore Area,Full-time,,"['Communication', 'Microsoft Office', 'Project Management']",3,dictionary
3898155702,Recruiter,Health Carousel,"Columbus, Ohio Metropolitan Area",Full-time,Entry level,['Sales'],1,dictionary
3887724072,Branch Manager,Performance Personnel Services & Fabrication,Greater New Orleans Region,Full-time,Mid-Senior level,"['Communication', 'Customer Service', 'Leadership', 'Microsoft Office', 'Sales']",5,dictionary
3905385269,Travel Ultrasound Tech (Sonographer) Echo (Echocardiography),Epic Travel Staffing,"Albuquerque, NM",Contract,,[],0,dictionary
3884432486,Electrical & Instrumentation Inspectors - Contract,SGS,"Boston, MA",Contract,Mid-Senior level,"['Communication', 'Excel']",2,dictionary
3886478523,Senior Manager Information Security,PamTen Inc,"Waltham, MA",Contract,Director,['Project Management'],1,dictionary
3898159871,Operational Standards and Brand Coach,Taziki's Mediterranean Cafe,Nashville Metropolitan Area,Full-time,,"['Communication', 'Customer Service', 'Leadership', 'Marketing', 'Microsoft Office', 'R', 'Sales']",7,dictionary
3904414402,Project Manager,,Houma-Thibodaux Area,Full-time,,[],0,dictionary
3895553925,Part Time - Fulfillment Associate - Flexible,"Lowe's Companies, Inc.","Washington, DC",Part-time,Associate,"['Customer Service', 'Sales']",2,dictionary
3905813723,Montauk Store Manager,Lingua Franca,"Montauk, NY",Part-time,,"['Customer Service', 'Sales']",2,dictionary
3885828264,Pc Technician Intern,TEKsystems,"Appleton, WI",Internship,Internship,[],0,dictionary
3905307806,Social Worker - Emergency Room Part Time Nights,MLK Community Healthcare,Los Angeles Metropolitan Area,Part-time,Entry level,['Communication'],1,dictionary
3895555903,Part Time - Fulfillment Associate - Flexible,"Lowe's Companies, Inc.","Johnstown, PA",Part-time,Associate,"['Customer Service', 'Sales']",2,dictionary
3901454797,Surveillance Investigator (Full Time),Frasco® Profiles,Greater Rockford Area,Full-time,Mid-Senior level,['Communication'],1,dictionary
3905253310,Strategic Partnerships Manager,CV - Christian Vision,Dallas-Fort Worth Metroplex,Full-time,Mid-Senior level,"['Communication', 'Computer Vision', 'Leadership', 'Marketing']",4,dictionary
3884853281,Assistant Manager Student Services,Pearson,"Boise, ID",Full-time,,"['Communication', 'Leadership', 'Marketing', 'Power BI']",4,dictionary
3905339218,Workers Compensation Specialist,Intermountain Health,"Salt Lake City, UT",Full-time,Entry level,['Communication'],1,dictionary
3904392273,Technician Apprentice,DuraServ,"Elkridge, MD",Full-time,Internship,['Customer Service'],1,dictionary
3884829934,Entry Level Microbiology Technician - No experience needed!,Piper Companies,"Crete, IL",Contract,Entry level,[],0,dictionary
3905291157,Global Contracting Center of Excellence (CoE) Operations Analyst,Eastman,"Kingsport, TN",Contract,,"['Communication', 'Leadership']",2,dictionary
3902351941,Digital Marketing and Communication Intern,"iQuasar, LLC","Fredericksburg, VA",Internship,,"['Communication', 'Marketing']",2,dictionary
3902832751,Registered Nurse,"LanceSoft, Inc.","Creve Coeur, MO",Contract,Executive,[],0,dictionary
2987175317,Construction Project Manager,"W.C. Construction Company, LLC",Raleigh-Durham-Chapel Hill Area,Full-time,,['Communication'],1,dictionary
3904361765,Administrative Assistant,GSE Solutions,"Birmingham, AL",Contract,Entry level,"['Communication', 'Excel', 'Microsoft Office']",3,dictionary
3891005133,Director Life Science,MetaExperts™,"San Antonio, Texas Metropolitan Area",Contract,Director,"['Computer Vision', 'Leadership']",2,dictionary
3901368361,Construction Project Manager Trainee,"NVR, Inc.","Clarksville, TN",Full-time,Internship,['Leadership'],1,dictionary
3884820575,Financial Services Professional ,Bankers Life,Greater Tampa Bay Area,Full-time,Entry level,"['Communication', 'Leadership', 'Sales']",3,dictionary
3888010279,Licensed Practical Nurse (LPN) - Evening Shift,BAYADA Home Health Care,"Marlton, NJ",Full-time,Entry level,[],0,dictionary
3901983727,Visual,Steinhafels Furniture,"Green Bay, Wisconsin Metropolitan Area",Part-time,,[],0,dictionary
3884433392,Index Bond Pricing Analyst,Dexian,"Newark, DE",Full-time,Entry level,"['Excel', 'SQL']",2,dictionary
3894889996,Assistant,simpliHŌM,Knoxville Metropolitan Area,Contract,,"['Communication', 'Customer Service', 'Marketing']",3,dictionary
3901674074,Automotive General Manager,Protech Automotive Solutions ,"Spring, TX",Part-time,Executive,['Customer Service'],1,dictionary
3887474869,"Principal Scientist, OC Upstream",Kenvue,"Skillman, NJ",Full-time,Director,"['Marketing', 'R']",2,dictionary
3884925001,F&B Cashier - Knuckle Sandwiches - Starting at $22.59 per hour,del Lago Resort & Casino,"Waterloo, NY",Part-time,Entry level,['Communication'],1,dictionary
3891072179,Sales Account Executive,ProCare Therapy,"Atlanta, GA",Full-time,Entry level,"['Communication', 'Sales']",2,dictionary
3902354524,Part Time Peer Specialist - R010587,VNS Health,"Manhattan, NY",Part-time,Mid-Senior level,"['Communication', 'R']",2,dictionary
3891080103,Private Executive Chef (Part-Time) ,"Excellence Services, LLC","Atherton, CA",Part-time,Director,['Communication'],1,dictionary
3901373764, Privacy Attorney,LHH,Washington DC-Baltimore Area,Full-time,Entry level,[],0,dictionary
3901693264,Senior Epidemiologist (Director),The Fountain Group,United States,Contract,Director,"['Leadership', 'Marketing']",2,dictionary
3901950890,Account Executive (Mid-Market),Netskope,"Tampa, FL",Full-time,Associate,['Sales'],1,dictionary
3770151266,Technician,Nebraska Hoist & Crane,"Omaha, NE",Full-time,,"['Communication', 'Customer Service']",2,dictionary
3905628102,Travel RN - ED - Emergency Department,Marvel Medical Staffing,"Salem, MA",Part-time,Mid-Senior level,[],0,dictionary
3888026423,"Travel - Med Surg - Nurse Job - $2,736/wk - $2,925/wk",Aya Healthcare,"Minot, ND",Contract,Mid-Senior level,[],0,dictionary
3898168567,Video Teller,CommunityAmerica Credit Union,Kansas City Metropolitan Area,Full-time,Entry level,"['Communication', 'Customer Service', 'Leadership', 'Sales']",4,dictionary
3901939199,Principal Memory Controller Digital Design Engineer,"Montage Technology, Inc","Johns Creek, GA",Full-time,Director,"['Communication', 'Python', 'TypeScript']",3,dictionary
3894555810,"Physician Assistant, Per Diem - Internal Medicine",NYU Langone Health,"Mineola, NY",Temporary,,['Communication'],1,dictionary
3888823322,Director of Communications,First Baptist Atlanta,"Atlanta, GA",Full-time,Director,"['Communication', 'Leadership', 'Marketing']",3,dictionary
3902876559,Senior Staff Accountant,Pacific Staffing,Greater Sacramento,Full-time,Associate,"['Communication', 'Excel']",2,dictionary
3901177266,Analytics & Project Governance Intern,Sequel Med Tech,"Manchester, NH",Internship,Internship,['Python'],1,dictionary
3906098148,Financial Analyst,Delta Dental of North Carolina,Raleigh-Durham-Chapel Hill Area,Full-time,Mid-Senior level,"['Excel', 'Microsoft Office']",2,dictionary
3903453019,Quality Lab Technician,Eclaro,"Geismar, LA",Contract,Associate,"['Microsoft Office', 'Power BI']",2,dictionary
3901981712,"Chief Operating Officer, Property Management",Korn Ferry,"Philadelphia, PA",Full-time,Executive,[],0,dictionary
3901688769,HVAC Technician,Framatome,"Lynchburg, VA",Part-time,Associate,[],0,dictionary
3902941884,BDR Intern (Digital Media),"Fluent, Inc","New York, NY",Part-time,Internship,"['Communication', 'Data Science', 'Excel', 'Marketing', 'Microsoft Office', 'Sales']",6,dictionary
3891268973,Growth Marketing Manager (New Business) - Full Time - Hybrid,Experity,"Sioux Falls, SD",Full-time,Mid-Senior level,"['Marketing', 'Sales']",2,dictionary
3905327577,Litigation Specialist,Allied OneSource,"Kansas City, KS",Full-time,Entry level,['Communication'],1,dictionary
3898164117,"Computer Technician-Jackson, MS (Temporary)",University of Mississippi,"Jackson, MS",Temporary,Entry level,[],0,dictionary
3889189926,Travel RN - Med Surg,Focus Staff,"Berlin, VT",Part-time,Mid-Senior level,[],0,dictionary
3905889289,Human Resources Manager,Northern Jet ,"Grand Rapids, MI",Full-time,,"['Communication', 'Excel', 'Microsoft Office']",3,dictionary
3884835407,Floor Tech,Life Care Centers of America,"Kapolei, HI",Part-time,Entry level,['Customer Service'],1,dictionary
3884438592,Consultant,Primed Business Consulting LLC,Dallas-Fort Worth Metroplex,Full-time,,"['Communication', 'Excel']",2,dictionary
3887944093,Assistant Manager Nursing (RN) - Otolaryngology Clinic,Vanderbilt University Medical Center,Nashville Metropolitan Area,Full-time,Mid-Senior level,"['Communication', 'Leadership']",2,dictionary
3888954716,Part Time - Delivery Coordinator - Flexible,"Lowe's Companies, Inc.","Pocatello, ID",Part-time,Mid-Senior level,"['Customer Service', 'Sales']",2,dictionary
3906062683,"Volunteer: Fill the Boot - Philadelphia, PA",Muscular Dystrophy Association,"Philadelphia, PA",Volunteer,Associate,[],0,dictionary
3905834693,Manufacturing Engineer,"TBEI, Inc.","Rugby, ND",Full-time,,"['Communication', 'Excel', 'Microsoft Office']",3,dictionary
3889192406,Travel RN - ICU - Intensive Care Unit,Advantis Medical Staffing,"Roanoke, VA",Part-time,Mid-Senior level,[],0,dictionary
3901390870,Assistant Mechanical Engineer Non-Rep (Buses),Metropolitan Transportation Authority,"Brooklyn, NY",Other,Entry level,"['Communication', 'Microsoft Office']",2,dictionary
3904726390,Plumbing Assembly Technician,Opti Staffing Group,"Portland, OR",Full-time,,[],0,dictionary
3906235544,Material Handler,Builders FirstSource,Greater Colorado Springs Area,Full-time,Entry level,[],0,dictionary
3887997109,Customer Care Coordinator,TEKsystems,"Elgin, IL",Full-time,Entry level,"['Customer Service', 'Marketing', 'Microsoft Office']",3,dictionary
3836793450,Music Therapist,Mewsic Moves,Los Angeles Metropolitan Area,Part-time,,"['Communication', 'Leadership']",2,dictionary
3884431679,"Senior Director, Epidemiology (REMOTE 100%)",Infotree Global Solutions,United States,Contract,Director,"['Leadership', 'Marketing']",2,dictionary
3894213695,Corporate Intern,Wakefern Food Corp.,"Edison, NJ",Internship,Internship,"['Communication', 'Customer Service', 'Excel', 'Marketing', 'Microsoft Office', 'Sales']",6,dictionary
3904360923,Dental Lab Technician Trainee,Aspen Dental,"Lincoln, NE",Full-time,Internship,"['Communication', 'R']",2,dictionary
3900089350,Customer Service Specialist,Ferrellgas,NAMER,Part-time,Entry level,"['Communication', 'Customer Service', 'Excel', 'Microsoft Office', 'R', 'Sales']",6,dictionary
3901957262,Facility Maintenance Technician,CBTS,"Twinsburg, OH",Contract,Mid-Senior level,[],0,dictionary
3901669641,Staff Level Biologist - Natural Resources (Temporary),SWCA Environmental Consultants,"Half Moon Bay, CA",Temporary,,"['Communication', 'Excel', 'Microsoft Office']",3,dictionary
3895827706,Retail Sales Consultant,Comcast,"Bloomfield Hills, MI",Part-time,Associate,['Sales'],1,dictionary
3906248952,Certified Nursing Assistant/ Nursing Assistant- Solid Organ Transplant Unit,Nebraska Medicine,Omaha Metropolitan Area,Part-time,Entry level,['Communication'],1,dictionary
3903456812,Controls Engineering Co-Op / Intern,Dematic,"Grand Rapids, MI",Internship,Director,"['Customer Service', 'Excel', 'Sales']",3,dictionary
3887434342,Head of Digital Media,Case Auctions ,Knoxville Metropolitan Area,Full-time,,"['Adobe Photoshop', 'Communication', 'Leadership', 'Marketing', 'Project Management']",5,dictionary
3905355001,TRUCK DRIVER TRAINEE,"McLane Company, Inc.","Lewisville, TX",Full-time,Internship,[],0,dictionary
3901960693,Executive Assistant,Robert Half,"San Antonio, Texas Metropolitan Area",Full-time,Associate,"['Communication', 'Microsoft Office']",2,dictionary
3895229595,SAP Technical Architect,FastTek Global,Detroit Metropolitan Area,Full-time,Mid-Senior level,"['Communication', 'Project Management']",2,dictionary
3887498517,Supply Chain Analyst,Randstad USA,"Everett, WA",Contract,,"['Communication', 'Excel', 'Project Management']",3,dictionary
3903890229,Unit Clerk,Emory Healthcare,Atlanta Metropolitan Area,Full-time,Entry level,[],0,dictionary
3904726495,Sales Associate,Leslie's,"Scottsdale, AZ",Part-time,Entry level,"['Customer Service', 'Sales']",2,dictionary
3902948259,Civil Engineer - Project Lead,Career Collective,Greater Colorado Springs Area,Full-time,Mid-Senior level,[],0,dictionary
3902926030,Lead Case Manager,Compass Connections,"San Antonio, Texas Metropolitan Area",Other,Mid-Senior level,[],0,dictionary
3901942064,Interim Corporate Contract Attorney,"Major, Lindsey & Africa","Roseland, NJ",Temporary,Mid-Senior level,['Communication'],1,dictionary
3888957450,Allied - Ultrasound Tech - Travel,Protouch Staffing,"Newport, OR",Contract,Entry level,[],0,dictionary
3905814660,"Landscape Laborer ***SEASONAL*** Job located in Norman, OK***",TRAX International Corporation,"Moore, OK",Contract,Mid-Senior level,"['Communication', 'Customer Service', 'Project Management']",3,dictionary
3887102536,"Urgent W2 Role :: ServiceNow Developer :: Columbus, OH & Wilmington, DE (Onsite Hybrid Role) :: Long Term Contract",United Software Group Inc,"Wilmington, DE",Contract,,"['CSS', 'HTML', 'JavaScript']",3,dictionary
3843043188,Oracle P2P Analyst,Global Opine Staffing,"Tampa, FL",Contract,,"['Communication', 'Microsoft Office', 'SQL']",3,dictionary
3901641294,Operating Room Registered Nurse,MedPro Healthcare Staffing,"Marrero, LA",Contract,,[],0,dictionary
3904387978,Licensed Practical Nurse,National Staffing Solutions,"Jackson, WY",Full-time,Entry level,[],0,dictionary
103860943,Customer Service / Reservationist,,"Providence, RI",Part-time,,"['Communication', 'Customer Service']",2,dictionary
3899527460,Associate Production Designer,O.C. Tanner,Salt Lake City Metropolitan Area,Full-time,Associate,"['HTML', 'Leadership', 'Microsoft Office']",3,dictionary
3901945734,R&D Engineer III,Align Technology,"Morrisville, NC",Full-time,,"['Machine Learning', 'R']",2,dictionary
3889776778,Financial Analyst,Motion Recruitment,"Audubon, PA",Contract,Entry level,['Leadership'],1,dictionary
3906255620,Executive Assistant,Net2Source Inc.,San Francisco Bay Area,Contract,Executive,[],0,dictionary
3905310359,Intermodal Owner Operator Class A CDL,General Express Memphis - A Division of ARL Transport,"Memphis, TN",Full-time,,[],0,dictionary
3901975912,Special Police Officer,DC Department of Human Resources,"Rochester-Austin, Minnesota Area",Full-time,Entry level,[],0,dictionary
3887858437,CDL Driver I,US LBM,"Green Bay, WI",Full-time,Entry level,['Customer Service'],1,dictionary
3905332201,Manufacturing Engineering,General Motors,"Bowling Green, KY",Full-time,,"['Communication', 'Project Management']",2,dictionary
3905297608,Machining Lead 2nd shift,A Hiring Company,Eau Claire-Menomonie Area,Full-time,Mid-Senior level,"['Communication', 'Excel', 'Microsoft Office']",3,dictionary
3891076163,Receptionist,ACL Digital,"Boston, MA",Part-time,Associate,['Customer Service'],1,dictionary
3891283812,"FT RN, DAYS, Surgical Unit 5M6N",Trinity Health,Metropolitan Fresno,Full-time,Mid-Senior level,[],0,dictionary
3894290075,"Graduate Student - Pharmacy Technician (Part-Time, Hourly) (Spring Grove Hospital)","University of Maryland, Baltimore (UMB)","Baltimore, MD",Part-time,Internship,[],0,dictionary
3895218064,Office Manager,,Greater Richmond Region,Full-time,,"['Communication', 'Customer Service', 'Leadership', 'Microsoft Office']",4,dictionary
3901976847,Search Engine Optimization Specialist,SalesLight,"Seattle, WA",Part-time,,"['Marketing', 'Sales']",2,dictionary
3902925156,Human Resources Generalist,Creative Foam Products LLC,"North Little Rock, AR",Full-time,,"['Communication', 'Customer Service', 'Excel', 'Leadership', 'Marketing']",5,dictionary
3900070173,Direct Marketing Representative,Acquire,Raleigh-Durham-Chapel Hill Area,Full-time,Entry level,"['Customer Service', 'Leadership', 'Marketing', 'Sales']",4,dictionary
3904965368,GI Hospitalist in Hawaii $150K Sign On,Health eCareers,"Wailuku, HI",Full-time,Mid-Senior level,[],0,dictionary
3901168742,Credentialing Specialist - Hybrid Onsite,Vector Talent Resources,Nashville Metropolitan Area,Contract,Associate,"['Communication', 'Customer Service', 'Excel', 'Leadership', 'Microsoft Office']",5,dictionary
3895488929,Benefits Representative,A Hiring Company,Greater Hartford,Full-time,Entry level,['Communication'],1,dictionary
3891048026,Operations Support Analyst,Planet Forward,"Chandler, AZ",Full-time,Associate,['Project Management'],1,dictionary
3885845280,"Senior Veterinary Assistant, Mobile Veterinary Services",ASPCA,New York City Metropolitan Area,Full-time,Entry level,"['Communication', 'Customer Service']",2,dictionary
3902865356,Social Media and Content Creation Intern,Huffines Communities,Dallas-Fort Worth Metroplex,Internship,,"['Communication', 'Marketing']",2,dictionary
3902790265,Seasonal- Adventure Specialist- Watersports $23.00/hour ,Hyatt Regency,"Incline Village, NV",Temporary,Mid-Senior level,"['Communication', 'Leadership', 'R']",3,dictionary
3894885498,ISD Engineer III (SQL Server Database Administrator),Navy Federal Credit Union,"Winchester, VA",Other,Mid-Senior level,"['Azure', 'Communication', 'Power BI', 'SQL']",4,dictionary
3902954539,Customer Support and Data Maintenance - Seasonal Internship,ScaleReady,Greater Minneapolis-St. Paul Area,Temporary,,"['Communication', 'Customer Service', 'Marketing', 'Sales']",4,dictionary
3904405709,Pharmacist I PRN,UAMS - University of Arkansas for Medical Sciences,"Little Rock, AR",Part-time,Mid-Senior level,[],0,dictionary
3885864385,"Rep 1, Mobile Billing",Spectrum,"Portland, ME",Full-time,Mid-Senior level,"['Communication', 'Customer Service']",2,dictionary
3903831240,Safety Intern,ASSA ABLOY Group,"New Haven, CT",Internship,Internship,"['Excel', 'Microsoft Office']",2,dictionary
3902753598,Project Engineer,Vanir,Greater Sacramento,Full-time,Entry level,"['Leadership', 'Microsoft Office', 'Project Management']",3,dictionary
3901955562,Senior Product Owner,Cox Automotive Inc.,"Mission, KS",Part-time,Director,"['Communication', 'Leadership', 'Marketing', 'Project Management', 'Sales']",5,dictionary
3898176137,Quality Assurance Technician,"ENCON ARIZONA, L.L.C. DBA TPAC","Phoenix, AZ",Full-time,,[],0,dictionary
3901396116,Tax and Compliance Accountant,American Printing House for the Blind,Louisville Metropolitan Area,Full-time,,[],0,dictionary
3888958428,Team Leader,Tractor Supply Company,"Benzonia, MI",Temporary,Mid-Senior level,"['Communication', 'Customer Service', 'Sales']",3,dictionary
3902833256,Test Engineer III,NEOTech,"Westborough, MA",Full-time,Mid-Senior level,"['C#', 'C++', 'Communication', 'Customer Service', 'Java', 'Python']",6,dictionary
3905668621,Aluminum Welder - 1887340,RightWorks,"New Iberia, LA",Full-time,Associate,[],0,dictionary
3899516898,Business Development Manager,CNC Foundations,Greater St. Louis,Full-time,,"['Communication', 'Excel', 'Leadership', 'Marketing', 'Sales']",5,dictionary
3906256398,Regional Director Needed in the Portland,Trinity Property Consultants,"Portland, OR",Full-time,Director,"['Communication', 'Customer Service', 'Excel', 'Leadership', 'Sales']",5,dictionary
3901353701,Supervisory Physician (Clinical Director),HHS Careers,"Pine Ridge, SD",Part-time,Mid-Senior level,[],0,dictionary
3903491902,Game Developer Manager (Unpaid with Revenue Share once revenue starts rolling in),idealweb4u,United States,Other,,"['Communication', 'Git', 'Leadership', 'Project Management']",4,dictionary
3903475250,Landscape Intern,SAFEbuilt,"Fort Lauderdale, FL",Internship,Associate,['Communication'],1,dictionary
3900091526,Podiatrist,HealthDrive Corporation,"Nashua, NH",Part-time,Entry level,['Leadership'],1,dictionary
3901942371,Industrial Facility Maintenance,ComTec Information Systems (IT),"Huntsville, AL",Contract,Mid-Senior level,['Excel'],1,dictionary
3905293193,Basic Life Support Instructor,Community College of Denver,"Denver, CO",Part-time,,[],0,dictionary
3889287675,Assistant Registered Nurse (RN) - Med Surg - $32-52 per hour - R106886,Vivian Health,"Elkhorn, WI",Part-time,Mid-Senior level,['Communication'],1,dictionary
3884846560,Vice President – Digital Marketing Strategy – Head of Commerce Payments,JPMorgan Chase & Co.,"Wilmington, DE",Full-time,Director,"['Communication', 'Leadership', 'Marketing', 'Project Management', 'Sales']",5,dictionary
3905837144,Client Services Associate,WealthPoint Advisors,Charlotte Metro,Full-time,,"['Communication', 'Microsoft Office']",2,dictionary
3901394560,Automation Engineer,Ascendion,"Seattle, WA",Full-time,Associate,"['Communication', 'Python']",2,dictionary
3888002418,Full Time - Sales Associate - Plumbing - Opening,"Lowe's Companies, Inc.","Lincoln, CA",Full-time,Associate,"['Customer Service', 'Sales']",2,dictionary
3901399075,Production Trainee,WestRock Company,"Glendale, AZ",Full-time,Internship,['Communication'],1,dictionary
3887895944,Seasonal Merchandising Service Associate - Weekends Preferred,"Lowe's Companies, Inc.","Hutchinson, KS",Temporary,Associate,"['Customer Service', 'Sales']",2,dictionary
3905871815,Insurance Verification Specialist - MUST BE LOCAL TO CINCINNATI,Aquarius Professional Staffing,Cincinnati Metropolitan Area,Contract,Associate,"['Communication', 'Customer Service']",2,dictionary
3905216070,Orthopedics Distributor,CONMED Corporation,"Springfield, Illinois Metropolitan Area",Full-time,Mid-Senior level,[],0,dictionary
3905301825,Valet Attendant,Schulte Hospitality Group,"Chicago, IL",Part-time,Associate,['Customer Service'],1,dictionary
3887855378,International Student - Study and Work Opportunity in the UAE,Business Umbrella -Recruitment-Training-Consulting-Licensing-Education Consulting-Real estate ,NAMER,Full-time,Internship,"['Communication', 'Machine Learning', 'Marketing']",3,dictionary
3884862095,Compliance Specialist,Northmarq,Greater Bloomington Area,Full-time,Mid-Senior level,"['Communication', 'Customer Service', 'Excel', 'Leadership', 'Microsoft Office']",5,dictionary
3902352122,Documents Manager,"LanceSoft, Inc.","Cheyenne, WY",Contract,Mid-Senior level,['R'],1,dictionary
3904952360,Customer Service Representative,Circle K,"Wasilla, AK",Part-time,Mid-Senior level,['Customer Service'],1,dictionary
3904042142,Willow Logistics Specialist – Bulk Materials - Logistics Specialist III,Energy Jobline,"Anchorage, AK",Full-time,Entry level,['Communication'],1,dictionary
3729768983,Co-Founder,Got10IN,"Berkeley, CA",Internship,,[],0,dictionary
3898166752,Transfer Pricing Senior Tax Manager,JCW,"New Haven, CT",Full-time,Director,"['Communication', 'Excel', 'Leadership']",3,dictionary
3900951623,Financial Advisor,Knox Financial Services,"Ottumwa, IA",Full-time,Associate,[],0,dictionary
3902751978,Sustainable Design Engineer (PAID INTERNSHIP),Boldyn Networks,Atlanta Metropolitan Area,Internship,Internship,['Communication'],1,dictionary
3905299166,Program Manager - Finance Systems,Mavensoft Technologies,"Portland, Oregon Metropolitan Area",Contract,Mid-Senior level,"['Communication', 'Project Management']",2,dictionary
3899534189,"Technical Accounting/SEC Reporting, Manager",SolomonEdwards,"Chicago, IL",Contract,Mid-Senior level,"['Communication', 'Excel', 'Microsoft Office']",3,dictionary
3898172913,Clinical Research Rater,Neurovations,"Napa, CA",Contract,,"['Communication', 'Microsoft Office']",2,dictionary
3905864250,Part-time Procedure Specialist (PA or NP),QC Kinetix - Burlington,"Colchester, VT",Part-time,,[],0,dictionary
3900946752,Rental Production Manager,Scion Staffing,Kansas City Metropolitan Area,Full-time,Mid-Senior level,"['Communication', 'Excel', 'Leadership', 'Microsoft Office', 'Project Management']",5,dictionary
3905842562,Principal Reverse Engineer (Embedded Software),MacroHire,"Boise, ID",Full-time,Director,['Communication'],1,dictionary
3904367856,Pharmacy Student,Children's Hospital of Philadelphia,"Philadelphia, PA",Part-time,Internship,[],0,dictionary
3899524648,Senior System Administrator,ICL Group,Greater St. Louis,Full-time,Mid-Senior level,"['AWS', 'Azure', 'Communication', 'Leadership', 'Microsoft Office', 'Project Management', 'R']",7,dictionary
3884432493,Office Assistant,Acro Service Corp,"Honolulu, HI",Contract,Associate,"['Customer Service', 'Excel', 'Microsoft Office']",3,dictionary
3889499862,Technical Product Support Associate Scientist I,Abbott,"Republic, WA",Full-time,Associate,['Microsoft Office'],1,dictionary
3906245832,Accounts Payable Clerk,Pro Staff,"Alexandria, MN",Temporary,Entry level,[],0,dictionary
3900934670,Litigation Paralegal,Chenoweth Law Group,"Portland, Oregon Metropolitan Area",Full-time,,"['Communication', 'Excel']",2,dictionary
3894914211,Medicaid Payment and Financing Principal Analyst,MACPAC - Medicaid and CHIP Payment and Access Commission,"Washington, DC",Full-time,,"['Leadership', 'Project Management']",2,dictionary
3905285867,Volunteer: Pet Therapy Can Brighton Someone's Day!,Residential Home Health and Residential Hospice,"Detroit, MI",Volunteer,Associate,[],0,dictionary
3901391580,Back End Developer,DataAnnotation,Cincinnati Metropolitan Area,Contract,,"['C#', 'C++', 'HTML', 'JavaScript', 'Python', 'SQL']",6,dictionary
3904996453,Office Assistant - Neurology,Nebraska Medicine,Omaha Metropolitan Area,Part-time,Entry level,[],0,dictionary
3903814905,"Intern, Accounting/Finance, Part-Time",Memphis Grizzlies,"Memphis, TN",Part-time,Internship,"['Communication', 'Excel', 'Leadership']",3,dictionary
3904725206,Patient Care Coordinator,"Hanger, Inc.","Austin, Texas Metropolitan Area",Part-time,Entry level,"['Communication', 'Customer Service', 'Excel']",3,dictionary
3902349637,Sales Agent,Calculated Hire,"Little Rock, AR",Contract,Associate,"['Customer Service', 'Excel', 'Sales']",3,dictionary
3906259050,Radiologic Technologist II - PRN - Flexible Shifts,Mercy,"Fort Smith, AR",Temporary,Mid-Senior level,[],0,dictionary
3886461848,Marketing Specialist,,Salt Lake City Metropolitan Area,Full-time,,"['Computer Vision', 'Sales']",2,dictionary
3886204835,Business Development Manager,"Clean Air Lawn Care, Inc.",Cincinnati Metropolitan Area,Full-time,Executive,['Customer Service'],1,dictionary
3905286309,Auto Glass General Manager,Caliber Auto Glass,"Toms River, NJ",Part-time,Executive,"['Customer Service', 'Marketing', 'Microsoft Office', 'Sales']",4,dictionary
3902832502,UX / UI Web Designer,Epicosity,"Sioux Falls, SD",Full-time,,"['CSS', 'Git', 'HTML', 'JavaScript']",4,dictionary
3904924958,Registered Nurse (RN) - Med Surg / Telemetry - $32-52 per hour - R107903,Vivian Health,"Milwaukee, WI",Part-time,Mid-Senior level,['Communication'],1,dictionary
3887706764,Senior Security Engineer,Vanta,San Francisco Bay Area,Full-time,Mid-Senior level,"['Communication', 'Marketing', 'Project Management', 'Sales']",4,dictionary
3901674785,Plumber / Pipefitter Apprentice,Crete United,"Hooksett, NH",Full-time,Internship,[],0,dictionary
3905284674,"Tech Manager, Engineering - Merch",Macy's,"Johns Creek, GA",Full-time,,"['Communication', 'Customer Service', 'GCP', 'Java', 'Leadership', 'Marketing', 'Project Management', 'React', 'SQL', 'Sales']",10,dictionary
3903836754,INTERN - Data Quality,Schindler Elevator Corporation (U.S.),"Morristown, NJ",Internship,Internship,"['Excel', 'Sales']",2,dictionary
3884430719,Staff Accountant,Addison Group,"Washington, DC",Contract,Associate,[],0,dictionary
3904719619,"LPN, Home Health Per Diem",CenterWell Home Health,"Hopkinsville, KY",Part-time,,['Leadership'],1,dictionary
3902342267,Field Sales Representative,Vikor Scientific,Charlotte Metro,Full-time,,"['Communication', 'Sales']",2,dictionary
3884814049,Interim Chief Operations Officer/ Operations Consultant,AMN Healthcare Leadership Solutions,"Milwaukee, WI",Temporary,Executive,"['Communication', 'Leadership']",2,dictionary
3906223297,Part-Time Sales Associate - Famous Footwear,Famous Footwear,"Fairbanks, AK",Part-time,,"['Customer Service', 'Sales']",2,dictionary
3904958607,Resource Efficiency Manager - 1919501,RightWorks,"Kaneohe, HI",Full-time,Associate,"['Excel', 'Project Management']",2,dictionary
3887841255,Operations Manager,"Central Florida Tapping & Construction Services, Inc.",Greater Orlando,Full-time,,"['Communication', 'Leadership']",2,dictionary
3902753700,Project Manager - MAC Team (TS/SCI with Polygraph Required),Fluor Corporation,"Aurora, CO",Temporary,Entry level,"['Communication', 'Project Management', 'TypeScript']",3,dictionary
3844032378,Cloud / .NET Developer,Redifcard Technologies LLC,"Bloomington, MN",Contract,,"['Azure', 'C#']",2,dictionary
3905854687,Data Analyst (Junior),Lexical Intelligence,Washington DC-Baltimore Area,Full-time,,"['Communication', 'Data Science', 'Excel', 'Leadership', 'Machine Learning', 'Natural Language Processing', 'Python', 'SQL']",8,dictionary
3901665437,Senior Controls Automation Engineer,The Richmond Group USA,Buffalo-Niagara Falls Area,Full-time,Mid-Senior level,['Leadership'],1,dictionary
3889111839,"Intern, Civil Engineering",Michael Baker International,"Carlsbad, CA",Part-time,Internship,"['Communication', 'Microsoft Office']",2,dictionary
3888936279,OPS Process Engineer,Johnson & Johnson,San Angelo Area,Full-time,,"['Communication', 'Project Management']",2,dictionary
3905288305,"Program Coordinator, Office of Undergraduate Research and Fellowships (less than half-time)",Harvard University,"Cambridge, MA",Part-time,,"['Communication', 'Excel', 'Microsoft Office']",3,dictionary
3905831337,Customer Service Representative,Mainline Environmental,"Mine Hill, NJ",Full-time,,"['Communication', 'Customer Service', 'Excel', 'Microsoft Office']",4,dictionary
3904715230,Pharmacy Technician & Technician Trainee,RITE AID,"West Lebanon, NH",Full-time,Internship,[],0,dictionary
3906260215,"Apprentice Freight Car Repair - (Roper, UT)",Union Pacific Railroad,"Roper, UT",Full-time,Internship,['Communication'],1,dictionary
3903843701,"Full-time Nabisco Merchandiser/Order Writer - Austell, GA",Mondelēz International,"Powder Springs, GA",Full-time,Entry level,"['Communication', 'Sales']",2,dictionary
3903471734,Electrical Power Management System (EPMS) Engineer,Thermo Systems,"Henderson, NV",Full-time,Entry level,"['Communication', 'Customer Service', 'Leadership', 'Project Management']",4,dictionary
3889288377,Maintenance Repairman 2,Commonwealth of Pennsylvania,"Potter County, PA",Temporary,Entry level,"['AWS', 'Communication']",2,dictionary
3891014020,"PEO, Payroll Tax Specialist",OneDigital | Resourcing Edge,Greater Tampa Bay Area,Full-time,Mid-Senior level,"['Communication', 'Customer Service', 'Excel']",3,dictionary
3898179428,"Temp Security Officer – Footwear Brand, Stratham, NH!",Fourth Floor,"Stratham, NH",Temporary,Associate,['Customer Service'],1,dictionary
3887887119,Human Resources Orientation & Internship Program Manager,Comerica Bank,"Farmington, MI",Internship,Internship,"['Communication', 'Leadership']",2,dictionary
3905237784,VP BSA Officer,Larson Maddox,"Wichita, Kansas Metropolitan Area",Full-time,Mid-Senior level,[],0,dictionary
3904949293,Network Operations Engineer,Dice,"Jonesboro, AR",Contract,Entry level,"['Communication', 'Excel', 'Leadership']",3,dictionary
3888031473,Relief Pharmacist,"CARESC PHARMACY, LLC","Georgetown, SC",Part-time,,['Communication'],1,dictionary
3903444743,CDL Delivery Driver,Gypsum Management and Supply,"Wichita, Kansas Metropolitan Area",Full-time,Entry level,"['Customer Service', 'Leadership']",2,dictionary
3895532868,Commercial Account Manager,Wecom Fiber,"Kingman, AZ",Full-time,Mid-Senior level,"['Communication', 'Customer Service', 'Excel', 'Leadership', 'Marketing', 'Sales']",6,dictionary
3903839792,Registered Physical Therapist,Humana,"Corpus Christi, TX",Part-time,,['Communication'],1,dictionary
3904046978,Data Coordinator,Vertisystem,"Boston, MA",Contract,,[],0,dictionary
3902357371,Paralegal/Legal Assistant - (Westlaw Software Experience Required),ATC,"Indianapolis, IN",Contract,Associate,['Microsoft Office'],1,dictionary
3901167533,Director of Quality  ,Blue Signal Search,"Springdale, AR",Full-time,Director,"['Communication', 'Leadership']",2,dictionary
3901162401,Utilization Management RN - Per Diem,Trinity Health Of New England,"Hartford, CT",Part-time,Mid-Senior level,[],0,dictionary
3901671548,Sales Associate,Spirit Halloween,"Reno, NV",Temporary,Entry level,['Sales'],1,dictionary
3906252200,PRN Therapy Aide,PT Solutions Physical Therapy,"Hiram, GA",Full-time,Entry level,"['Customer Service', 'Leadership']",2,dictionary
606178500,Associate Attorney,Jung & Vassar PC Attorneys At Law A Law Corp,"Kailua-Kona, HI",Full-time,,[],0,dictionary
3884938380,Executive Director Special Projects (2024-2025),Jefferson County Public Schools,"Louisville, KY",Part-time,Director,"['Communication', 'Customer Service']",2,dictionary
3904432137,TEMPEST Technologist - (Early - Mid Career) (Onsite),Sandia National Laboratories,"Albuquerque, NM",Full-time,,['Communication'],1,dictionary
3905835320,Outside Sales Representative,"Treeline, Inc.","Lafayette, Indiana Metropolitan Area",Full-time,Associate,['Sales'],1,dictionary
3906225533,Senior Project Manager,Westinghouse Electric Company,"Cranberry Township, PA",Contract,Associate,"['Communication', 'Project Management']",2,dictionary
3895559394,Engineering Intern,Amy's Kitchen,"Pocatello, ID",Internship,Internship,"['Leadership', 'Project Management']",2,dictionary
3895801019,Salesperson,Advance Auto Parts,"Newport, VT",Part-time,Entry level,"['R', 'Sales']",2,dictionary
3906089899,Receptionist,,"Madison, AL",Full-time,,"['Communication', 'Customer Service', 'Microsoft Office']",3,dictionary
3904930975,Cybersecurity Architect,A Hiring Company,"Rochester, New York Metropolitan Area",Full-time,Mid-Senior level,[],0,dictionary
3905363000,Security Officer,,"Rochester, New York Metropolitan Area",Part-time,,[],0,dictionary
3898175663,Server,Discovery Senior Living,"Webster, TX",Part-time,Entry level,[],0,dictionary
3900954033,Receptionist,Life Care Centers of America,"Chattanooga, TN",Part-time,Entry level,"['Customer Service', 'Excel']",2,dictionary
3821190632,Writing/Reading Tutor,Sylvan Learning,"Chaska, MN",Part-time,,[],0,dictionary
3906245755,Director of Marketing (B2B Tech + Hospitality),Creative Circle,"Santa Monica, CA",Contract,Director,"['Marketing', 'Sales']",2,dictionary
3887930740,Vehicle Service Agent,Employers Options,"Kahului, HI",Full-time,Entry level,[],0,dictionary
3894891035,SDS Support Technician,Rose International,United States,Temporary,Executive,"['Communication', 'Excel']",2,dictionary
3902307212,Freelance Writer,SOL Education Consulting,United States,Part-time,,[],0,dictionary
3900966258,Business Process BA,SolomonEdwards,Washington DC-Baltimore Area,Contract,Mid-Senior level,['Communication'],1,dictionary
3904077528,Associate Social Media Producer (CT),The Walt Disney Company,"Bay Lake, FL",Temporary,Associate,"['Adobe Photoshop', 'Spark']",2,dictionary
3884440148,Retail Sales Technology Associate,Staples Stores,"Flagstaff, AZ",Part-time,Entry level,"['Customer Service', 'Sales']",2,dictionary
3887854967,Chief Nursing Officer,Encompass Health,"Scottsdale, AZ",Other,Executive,[],0,dictionary
3904357854,District Manager,Zips Car Wash LLC,"Lexington, KY",Full-time,Associate,"['Project Management', 'Sales']",2,dictionary
3904382877,Business Analyst Intern,Capella University,"Minneapolis, MN",Full-time,,"['Communication', 'Git']",2,dictionary
3904988780,Senior Product Manager - Workers' Compensation (Mid to Large Accounts),Emergent Holdings,Detroit Metropolitan Area,Full-time,Mid-Senior level,"['Communication', 'Leadership']",2,dictionary
3889712744,Quality Analyst,IFF,"Newark, DE",Full-time,Entry level,"['Communication', 'Microsoft Office']",2,dictionary
3898158839,Program Coordinator,Tire Rack,South Bend-Mishawaka Region,Full-time,Entry level,['Communication'],1,dictionary
3905313226,"Senior Customer Solutions Advocate - Grand Rapids, MI - Full Time",Fifth Third Bank,"Grand Rapids, MI",Full-time,Mid-Senior level,"['Communication', 'Customer Service', 'Excel', 'Leadership', 'Microsoft Office', 'Sales']",6,dictionary
3905256262,Supply Chain Assistant (Agriculture Chemicals),Rangam,"Attapulgus, GA",Contract,Associate,"['Communication', 'Customer Service', 'Excel', 'Microsoft Office']",4,dictionary
3903848064,Operations specialist,H&R Block,"Decatur, GA",Temporary,Entry level,"['Leadership', 'R']",2,dictionary
3904599746,Automation Specialist - AM Shift,ManpowerGroup,"Rocky Mount, NC",Temporary,Entry level,"['Communication', 'SQL']",2,dictionary
3904967019,Orthopedic Surgeon - General Joint Replacement /Arthroplasty,Health eCareers,"Grand Forks, ND",Full-time,Mid-Senior level,[],0,dictionary
3902364752,SAS Developer,PEOPLE FORCE CONSULTING INC,"Washington, DC",Contract,Mid-Senior level,"['Communication', 'Leadership', 'SQL', 'Sales']",4,dictionary
3902344449,"Dentist - Reno, NV",The Job Network,"Reno, NV",Part-time,,[],0,dictionary
3905252138,Sales Account Manager - MDU,"Pinnacle Group, Inc.",Greater Orlando,Contract,Associate,"['Communication', 'Excel', 'Marketing', 'Microsoft Office', 'Sales']",5,dictionary
3901940467,Vistage Executive Coach,"Vistage Worldwide, Inc.","Montgomery County, PA",Contract,Executive,"['Leadership', 'Marketing']",2,dictionary
3887873441,Volunteer: Board Member: Communications & Marketing Background - Disaster Accountability Project,VolunteerMatch,"Rockville, MD",Volunteer,Associate,['Marketing'],1,dictionary
3895255028,Senior DevOps Engineer,Synergy Interactive,Atlanta Metropolitan Area,Contract,Mid-Senior level,"['AWS', 'Python']",2,dictionary
3903473874,Materials Handler (Vacancy#:VAR002742),Library of Congress,"Washington, DC",Full-time,Entry level,[],0,dictionary
3887883158,Human Resources Coordinator - Hilton Fort Lauderdale Beach Resort,Hilton Fort Lauderdale Beach Resort,Miami-Fort Lauderdale Area,Full-time,Entry level,['Leadership'],1,dictionary
3904426361,Volunteer: 2024 Chole no7 Gala September 28th,VolunteerMatch,"Duluth, GA",Volunteer,Associate,[],0,dictionary
3902753238,Systems Engineer,Codeworks IT Careers ,"Milwaukee, WI",Contract,Entry level,"['Communication', 'Java', 'Python']",3,dictionary
3903465997,Finance Director ,Robert Half,"Asheville, NC",Full-time,Director,['Leadership'],1,dictionary
3887496942,Seasonal Sales & Service Representative/Junior Intern (North Charlotte Area),First Citizens Bank,"Charlotte, NC",Temporary,,"['Communication', 'Customer Service', 'Sales']",3,dictionary
3904995241,Laboratory Manager Blood Banks Operations FT Days,Detroit Medical Center,"Detroit, MI",Full-time,Executive,['Marketing'],1,dictionary
3888028966,Director of Operations (multisite)  ,Career Opportunities International,Dallas-Fort Worth Metroplex,Full-time,Director,"['Communication', 'Leadership', 'Project Management']",3,dictionary
3904392659,Production Operator Apprentice,BASF,"Malcom, IA",Other,,[],0,dictionary
3903474360,Public Affairs Co-Op/Intern,The Mosaic Company,Greater Tampa Bay Area,Full-time,Internship,"['Communication', 'Marketing']",2,dictionary
3906099179,ERP/PeopleSoft Enterprise Architect,Randstad Digital Americas,"Tallahassee, FL",Contract,,"['Communication', 'Leadership', 'Microsoft Office']",3,dictionary
3884433996,Sr. Product Marketing Manager,"Sunrise Systems, Inc.","Newark, NJ",Contract,Mid-Senior level,"['Communication', 'Leadership', 'Marketing', 'Project Management', 'Sales']",5,dictionary
3903813030,Executive Director (LNHA),WesleyLife,Quad Cities Metropolitan Area,Full-time,Executive,"['Communication', 'Customer Service', 'Leadership']",3,dictionary
3903845358,Systems Administrator Intern,Booz Allen Hamilton,"Annapolis Junction, MD",Internship,,['Leadership'],1,dictionary
3903831201,Seasonal Order Builder - Nights,"Swire Coca-Cola, USA","Tacoma, WA",Temporary,Entry level,[],0,dictionary
3901366121,Chief Storyteller - GRANT SERVICES SPECIALIST IV,City of Baltimore,"Baltimore, MD",Full-time,Director,['Communication'],1,dictionary
3904566832,Micro Internship - Banking,First Horizon Bank,"Knoxville, TN",Part-time,Internship,"['Communication', 'Leadership', 'Microsoft Office']",3,dictionary
3888005910,Production Team Partner - Soiled Linen Sorter - UniFirst,UniFirst Corporation,"Charlotte, NC",Full-time,Mid-Senior level,[],0,dictionary
3903879068,Financial Counselor,Legacy Health,"Portland, OR",Contract,Mid-Senior level,"['Communication', 'Customer Service']",2,dictionary
3888023876,Call Center Representative,,"Belleville, NJ",Part-time,,['Communication'],1,dictionary
3905371054,"Senior Software Engineer, Driver Marketplace",Veho,United States,Full-time,Mid-Senior level,"['AWS', 'Communication', 'Data Science', 'JavaScript', 'Node.js', 'TypeScript']",6,dictionary
3904405712,Student Employee- Part-Time- Ultrasound,UAMS - University of Arkansas for Medical Sciences,"Little Rock, AR",Part-time,Internship,[],0,dictionary
3904388799,Sales And Marketing Specialist,Warwick Jewelers,Greater Philadelphia,Part-time,,"['Communication', 'Customer Service', 'Marketing', 'Sales']",4,dictionary
3904415649,Armed Driver Transport - FOID required,GardaWorld,Greater Rockford Area,Full-time,Entry level,['Customer Service'],1,dictionary
3901935898,Picker order selector,"Diverse Team, LLC","Tulsa, OK",Contract,,['Communication'],1,dictionary
3862373833,Construction Estimator,Unidor Consulting,"Washington, DC",Full-time,,['Communication'],1,dictionary
3884451334,Complex Specimen Processor PRN,HCA Healthcare,"Lenexa, KS",Part-time,Associate,[],0,dictionary
3894285500,"Claims Adjuster (Sioux Falls , South Dakota)",AmericanAg,"Sioux Falls, SD",Full-time,Mid-Senior level,"['Communication', 'Excel']",2,dictionary
3904936732,"Intern, Brand Insights",Monigle,Denver Metropolitan Area,Internship,Internship,"['Communication', 'Data Science', 'Excel', 'Leadership', 'Marketing', 'Microsoft Office', 'Project Management', 'R']",8,dictionary
3895593832,Adena- Ironworker/ Steel Erection,Adena Corporation,Greater Mansfield Area,Full-time,Entry level,['Communication'],1,dictionary
3894218575,Senior Accountant ,Brewer Morris,Greater Boston,Full-time,Mid-Senior level,['Communication'],1,dictionary
3903820674,System Architect 192434,HKA Enterprises,"Columbus, OH",Contract,Mid-Senior level,"['AWS', 'Communication', 'Kubernetes', 'Leadership']",4,dictionary
3904949701,Customer Service Representative,Circle K,"Indianapolis, IN",Part-time,Mid-Senior level,['Customer Service'],1,dictionary
3887475351,Cert. Surgical Technologist,MedPro Healthcare Staffing,"Hazard, KY",Contract,,[],0,dictionary
3889123311,Intern,Sinclair Inc.,"Columbus, OH",Part-time,Internship,['Excel'],1,dictionary
3905815944,On Air Host,Jamble (YC S22),"Columbus, Ohio Metropolitan Area",Part-time,,"['Marketing', 'Sales']",2,dictionary
3902862582,Data Scientist,Realtek Consulting LLC,"Bentonville, AR",Full-time,,"['Communication', 'Deep Learning', 'GCP', 'Machine Learning', 'Marketing', 'PyTorch', 'Python', 'SQL', 'Scikit-learn', 'Spark', 'TensorFlow']",11,dictionary
3888025529,Director Of Case Management - 1897714,RightWorks,"Asheville, NC",Full-time,Director,"['Communication', 'Leadership']",2,dictionary
3887859357,Physical Therapist,MedPro Healthcare Staffing,"Boulder City, NV",Contract,,[],0,dictionary
3884935216,"Senior Accountant - Fixed Assets, Capital Project Accounting - HEMPHILL EXCLUSIVE!",Hemphill - Search • Consulting • Staffing,Omaha Metropolitan Area,Full-time,Associate,['Project Management'],1,dictionary
3890896173,Human Resources Coordinator,Career Group Companies,"Los Angeles, CA",Temporary,Entry level,['Excel'],1,dictionary
3884906708,Internal Wholesaler- Small Market (Retirement Solutions),Principal Financial Group,"Appleton, WI",Internship,Entry level,"['Communication', 'Marketing', 'Sales']",3,dictionary
3887713899,Sr. HRP Configuration Analyst,"Gardner Resources Consulting, LLC","Providence County, RI",Contract,,[],0,dictionary
3901370955,Patient Access Specialist - Per Diem,LANDMARK MEDICAL CENTER,"Woonsocket, RI",Other,Entry level,['Communication'],1,dictionary
3902860996,Technology Product Manager (Ad-Tech),VIZIO,Denver Metropolitan Area,Full-time,Associate,"['Communication', 'Marketing', 'Sales']",3,dictionary
3888000714,Part Time - Fulfillment Associate - Flexible,"Lowe's Companies, Inc.","Piscataway, NJ",Part-time,Associate,"['Customer Service', 'Sales']",2,dictionary
3887599258,"Director, Business Development",Global Payments Inc.,"Lenexa, KS",Full-time,Director,"['Leadership', 'Marketing', 'Sales']",3,dictionary
3891073531,Payroll and Benefits Specialist,Confidential,"Manhattan, NY",Temporary,Associate,"['Communication', 'Excel']",2,dictionary
3887472552,Licensed Practical Nurse,MedPro Healthcare Staffing,"Santa Fe, NM",Contract,,[],0,dictionary
3904067914,Hemodialysis Registered Nurse (RN),"NaphCare, Inc.","Washoe County, NV",Full-time,Mid-Senior level,[],0,dictionary
3901397487,Process Equipment Engineer,"Lightwave Logic, Inc.",Denver Metropolitan Area,Full-time,,"['Communication', 'Computer Vision']",2,dictionary
3904508921,Associate Contract Analyst - FPS and SCS Contracting,Fairview Health Services,"Minneapolis, MN",Contract,Mid-Senior level,"['Excel', 'Microsoft Office']",2,dictionary
3905293183,Project Engineer,Cleaver-Brooks,"Lincoln, Nebraska Metropolitan Area",Full-time,Entry level,"['Communication', 'Microsoft Office', 'Sales']",3,dictionary
3889781489,Laboratory Technician,Talent Groups,"New Haven, CT",Contract,Associate,[],0,dictionary
3905864804,Voice Network Engineer,Raas Infotek,United States,Contract,Associate,"['Communication', 'Sales']",2,dictionary
3904428245,Volunteer: Wild Paws General Onsite Volunteer,VolunteerMatch,"Polk County, WI",Volunteer,Associate,['Communication'],1,dictionary
3903453272,Operations Support,Lenmar Consulting Inc,"Baltimore, MD",Contract,,"['Communication', 'Excel', 'SQL']",3,dictionary
3887864443,CDL Driver,GardaWorld,Salt Lake City Metropolitan Area,Full-time,Entry level,['Customer Service'],1,dictionary
3894563041,Enterprise Data Intern,Cushman & Wakefield,"New York, NY",Full-time,Internship,[],0,dictionary
3884854807,Showroom Administrative Assistant,Rampart Supply a division of Cregger Company,"Bluffton, SC",Full-time,,"['Communication', 'Customer Service', 'Microsoft Office', 'Sales']",4,dictionary
3885852405,Automotive Service Lot Attendant,Ken Garff Automotive Group,"Kailua-Kona, HI",Full-time,Entry level,"['Communication', 'Sales']",2,dictionary
3903450639,Electrical Engineer - I&C Design,Equiliem,"Syracuse, NY",Contract,Mid-Senior level,"['Communication', 'R']",2,dictionary
3891074373,Key Account Manager,,Greater Seattle Area,Full-time,,['Sales'],1,dictionary
3901937631,Valet Attendant,Elite Parking Hawaii,Honolulu Metropolitan Area,Full-time,,"['Communication', 'Customer Service']",2,dictionary
3904393054,Seasonal Kitchen Assistant (Sur La Table),CSC Generation,"All, MO",Temporary,Entry level,"['Communication', 'Customer Service', 'Sales']",3,dictionary
3901675556,Network Development Recruiter,andros,United States,Contract,Associate,"['Customer Service', 'Sales']",2,dictionary
3894865915,Maintenance Worker,Samaritas,Grand Rapids Metropolitan Area,Full-time,Entry level,[],0,dictionary
3891268683,College Intern,CHAS Health,"Spokane, WA",Part-time,Internship,"['Adobe Illustrator', 'Communication', 'Excel', 'Marketing', 'Microsoft Office']",5,dictionary
3886210004,Business Development Manager,"Clean Air Lawn Care, Inc.",Greater New Orleans Region,Full-time,Executive,['Customer Service'],1,dictionary
3902842400,SAP Ariba Implementation Project Manager,Deloitte,Greater Sacramento,Full-time,,[],0,dictionary
3903456728,International Tax Manager,The Goodyear Tire & Rubber Company,"Akron, OH",Internship,Mid-Senior level,"['Communication', 'Excel', 'Leadership']",3,dictionary
3886832006, Online one-on-one Scientific Research Mentor ,TOPS Education,United States,Part-time,Associate,['Communication'],1,dictionary
3885111309,Mechanical Project Engineer,LHH,"Portland, Oregon Metropolitan Area",Full-time,Mid-Senior level,"['Excel', 'Microsoft Office']",2,dictionary
3905828454,Business Analyst,DMSi Software,Omaha Metropolitan Area,Full-time,,"['Communication', 'Project Management']",2,dictionary
3890892699,Enterprise Data Modeler/ Architect ,Falcon Smart IT (FalconSmartIT),"Mentor, OH",Contract,Mid-Senior level,"['Azure', 'Data Science', 'Git', 'Machine Learning', 'SQL', 'Tableau']",6,dictionary
3895205481,MDS Nurse (RN),Integritus Healthcare,"Leeds, MA",Full-time,Executive,['Communication'],1,dictionary
3887499030,Marketing Project Coordinator,Peterson Manufacturing Co,Kansas City Metropolitan Area,Full-time,,"['Communication', 'Customer Service', 'Marketing', 'Microsoft Office', 'Sales']",5,dictionary
3902741190,School Speech Language Pathologist Assistant - $43/hr,Maxim Healthcare Staffing,"Memphis, TN",Part-time,Entry level,"['Communication', 'Marketing']",2,dictionary
3889712158,Projectleider,Alukwa BV,"Lisse, South Holland, Netherlands",Full-time,Associate,[],0,dictionary
3901631914,QC Technician - Lab (Req #: 1712),The Middlesex Corporation,Greater Orlando,Full-time,Entry level,"['Communication', 'Leadership', 'Microsoft Office']",3,dictionary
3902363177,SAP RTR FICO Consultant,"1st-Recruit LLC, An E-Verified Company","Normal, IL",Contract,,['Communication'],1,dictionary
3898160152,Registered Client Service Associate,echo,Des Moines Metropolitan Area,Full-time,Associate,[],0,dictionary
3895815389,"Counsel, Washington, DC",Cogent Communications,"Washington, DC",Full-time,Mid-Senior level,[],0,dictionary
3887705177,Volunteer: Sociocracy Volunteer,VolunteerMatch,"Boise, ID",Volunteer,Associate,[],0,dictionary
3884853175,Part-Time Beauty Advisor - Sephora,Kohl's,"Springfield, MO",Part-time,,"['Communication', 'Sales']",2,dictionary
3904365939,"Vice President, Sales",Scholastic,Miami-Fort Lauderdale Area,Full-time,Executive,"['Leadership', 'Marketing', 'Sales']",3,dictionary
3905329607,RDC/LDC Distribution Associate II-RES,Lennox,"Greater Decatur, IL Area",Full-time,Entry level,[],0,dictionary
3904088169,Technical Sales Director,Platform Recruitment,Washington DC-Baltimore Area,Full-time,Director,"['Communication', 'GCP', 'Leadership', 'Sales']",4,dictionary
3885813103,TempForce Admin,Vanderbilt University Medical Center,Nashville Metropolitan Area,Part-time,Entry level,[],0,dictionary
3889781492,Senior Corporate Accountant,Electrical Components International,Greater St. Louis,Full-time,,"['Customer Service', 'Project Management']",2,dictionary
3904724433,Construction Superintendent,MW Builders,"Plano, TX",Temporary,Mid-Senior level,"['Microsoft Office', 'Project Management']",2,dictionary
3905309175,Field Service Technician - Miami FL,Emerge,"Miami, FL",Contract,Entry level,['Communication'],1,dictionary
3886461289,Plumbing/HVAC General Superintendent,Gulfstream Strategic Placements,Greater Phoenix Area,Full-time,Mid-Senior level,"['Communication', 'Leadership']",2,dictionary
3899521894,Information Technology Help Desk,,"Westbrook, ME",Contract,Entry level,"['Communication', 'Customer Service', 'Microsoft Office']",3,dictionary
3905238300,Information Technology Help Desk,Five Rivers Analytics,Greater Boston,Full-time,,['Communication'],1,dictionary
3905247399,"Travel/Contract RN *up to $2,400/wk*",Connected Health Care,"Pocatello, ID",Contract,Mid-Senior level,[],0,dictionary
3898163973,HR Recruiter and Coordinator-24-00446,"Datasoft Technologies, Inc.","Greer, SC",Contract,Associate,"['Communication', 'Customer Service']",2,dictionary
3885812673,PM Cook - Lead Line - Chez Maggy Restaurant ,Hyatt Hotels Corporation,"Denver, CO",Part-time,Mid-Senior level,['Communication'],1,dictionary
3904391894,Sr. DevOps Engineer,Agile Datapro,San Francisco Bay Area,Contract,Mid-Senior level,"['Docker', 'Kubernetes']",2,dictionary
3901369142,Freight Engineering Internship- Rail Infrastructure,Siemens,"Louisville, KY",Part-time,,"['Communication', 'Project Management']",2,dictionary
3904366782,Retail Sales Manager,CarMax,"South Jordan, UT",Full-time,Mid-Senior level,"['Leadership', 'Sales']",2,dictionary
3894546610,Internal Sales Specialist - Group Benefits,Principal Financial Group,"Seattle, WA",Internship,Entry level,"['Communication', 'Excel', 'Marketing', 'Microsoft Office', 'Sales']",5,dictionary
3906261154,PeopleSoft Grants Analyst ** 100% Remote **,Amerit Consulting,United States,Contract,Mid-Senior level,"['Communication', 'SQL']",2,dictionary
3901366468,"2024 Internship, Spring - Sales & Service - Part Time",Red Bull Arena,"Harrison, NJ",Internship,Entry level,"['Customer Service', 'Sales']",2,dictionary
3898167083,Network Engineer (TS/SCI Clearance Required),Apex Systems,"Fayetteville, North Carolina Metropolitan Area",Contract,Mid-Senior level,['TypeScript'],1,dictionary
3905858234,Audiovisual Sales Professional ,Kavaliro,Greater St. Louis,Full-time,Mid-Senior level,"['Communication', 'Customer Service', 'Excel', 'Microsoft Office', 'Sales']",5,dictionary
3904395033,Information Technology Associate,Peak Partners,"Baltimore County, MD",Temporary,Associate,['Microsoft Office'],1,dictionary
3887476176,Fleet & Safety Analyst,"Del-Air Heating, Air Conditioning, Plumbing and Electrical",Greater Orlando,Full-time,,"['Excel', 'Leadership']",2,dictionary
3900981043,Recruiting & HR Co-Op,EF Education First,"Cambridge, MA",Full-time,Internship,"['Communication', 'Customer Service']",2,dictionary
3898168809,Nurse - RN - ICU,Solomon Page,"Vicksburg, MS",Contract,Mid-Senior level,['Communication'],1,dictionary
3902358941,Sr Software Engineer (Cobol),Panacea Direct Inc,"Dearborn, MI",Contract,,['Communication'],1,dictionary
3895219131,Documentum Administrator,Rose International,"Tampa, FL",Temporary,Mid-Senior level,['Communication'],1,dictionary
3886898403,Part-Time Marketing Communications Coordinator,Robert Half,"Hartford, CT",Temporary,Associate,"['Marketing', 'Project Management']",2,dictionary
3902342871,Customer Service Assistant,Boat Outfitters,Greater Orlando,Full-time,Associate,"['Communication', 'Customer Service', 'Sales']",3,dictionary
3900982724,EFDA,North American Dental Group (NADG),"Valparaiso, IN",Temporary,,['Microsoft Office'],1,dictionary
3894605828,Treasury Manager,Creative Financial Staffing (CFS),"Charleston, SC",Full-time,Director,"['Excel', 'Leadership']",2,dictionary
3898178003,Ultrasound Technologist - 225849,Medix™,Denver Metropolitan Area,Full-time,Mid-Senior level,['Communication'],1,dictionary
3903842009,Manufacturing Engineering Intern,Enovis,Greater Houston,Full-time,Internship,['Communication'],1,dictionary
3904506984,Temporary Sales Associate,Coach,"Freeport, ME",Temporary,Entry level,['Sales'],1,dictionary
3902839788,Development Support Specialist,Hillcrest Transitional Housing,Kansas City Metropolitan Area,Full-time,,"['Communication', 'Excel', 'Leadership']",3,dictionary
3901362500,Warehouse Meat Cutter Apprentice,Performance Foodservice,"La Crosse, WI",Full-time,Internship,[],0,dictionary
3906065391,Volunteer: Long Distance Driver,Guiding Eyes for the Blind,"Yorktown Heights, NY",Volunteer,Associate,[],0,dictionary
3891072382,Temporary Project Manager,"UHY LLP, Certified Public Accountants","Rochester Hills, MI",Temporary,Associate,"['Communication', 'Leadership', 'Project Management']",3,dictionary
3887871250,Store Manager - Spirit,Spirit Halloween,"Ormond Beach, FL",Temporary,Mid-Senior level,['Sales'],1,dictionary
3902789220,Administrative Operations Specialist,Oklahoma State University,"Stillwater, OK",Contract,Entry level,"['Communication', 'Excel', 'Leadership']",3,dictionary
3898169674,Datawarehouse/ETL Developer,Innova Solutions,"Cambridge, MA",Contract,,"['AWS', 'Azure', 'Communication', 'Git', 'Microsoft Office', 'Power BI', 'SQL']",7,dictionary
3888982279,SUPERVISOR - PLAYERS CLUB,Hard Rock Hotel & Casino Sacramento,Greater Sacramento,Full-time,Mid-Senior level,"['Communication', 'Customer Service', 'Excel', 'Marketing', 'Sales']",5,dictionary
3901998821,Healthcare Food Services District Manager,,Greater Hartford,Full-time,,['Communication'],1,dictionary
3902351265,Project Manager- Structural Engineering,Provision People,"Los Angeles, CA",Full-time,Associate,"['Communication', 'Leadership', 'Project Management']",3,dictionary
3884429609,"Director, Finance Business Systems",Jewish Federation of Cleveland,"Cleveland, OH",Full-time,Director,"['Communication', 'Leadership', 'Project Management']",3,dictionary
3898162676,"Director, Fleet Maintenance",Dollar General,Northeastern United States,Full-time,Director,['Leadership'],1,dictionary
3884437948,Retail Customer Service Specialist,DICK'S Sporting Goods,"Columbia, MD",Part-time,Entry level,"['Customer Service', 'Sales']",2,dictionary
3901185083,Range Ecologist,National Audubon Society,Brownsville Metropolitan Area,Full-time,Entry level,"['Communication', 'Excel', 'Microsoft Office', 'Project Management']",4,dictionary
3894285291,Hazmat Technician,GFL Environmental Inc.,"Cushing, OK",Full-time,Associate,['Communication'],1,dictionary
3906095868,Senior Project Manager,Strategic Staffing Solutions,Baton Rouge Metropolitan Area,Contract,Mid-Senior level,"['Communication', 'Project Management']",2,dictionary
3906261069,Intern,Veolia North America,"Lafayette, CO",Internship,Internship,['Microsoft Office'],1,dictionary
3885822446,RN 2N Tele Obs PRN,WVU Medicine Camden Clark Medical Center,"Parkersburg, WV",Part-time,Mid-Senior level,['Communication'],1,dictionary
3901940203,Payroll Processor (Temporary),Tao Group Hospitality,"Las Vegas, NV",Temporary,,"['Communication', 'Excel', 'Leadership', 'Microsoft Office']",4,dictionary
3902743589,Dotnet Developer,Cheetah Recruiter,"New Orleans, LA",Contract,Associate,"['C#', 'Leadership', 'SQL', 'Sales']",4,dictionary
3905392705,General Manager in Training,Advance Auto Parts,"Goshen, IN",Full-time,Executive,"['Communication', 'Customer Service', 'Excel', 'Leadership', 'R', 'Sales']",6,dictionary
3904366014,"Temporary Liquor Store Associate, University Hills, #478",Gopuff,"Denver, CO",Temporary,Mid-Senior level,"['Communication', 'Customer Service', 'Marketing', 'Sales']",4,dictionary
3904423801,Sales Associate - Spirit,Spirit Halloween,"Oklahoma City, OK",Temporary,Entry level,['Sales'],1,dictionary
3904369097,Machinist (2nd Shift),Parker Hannifin,"Benton, AR",Full-time,,['Communication'],1,dictionary
3887701386,Assistant Project Manager,CMTS LLC,Dallas-Fort Worth Metroplex,Full-time,Associate,"['Communication', 'Microsoft Office']",2,dictionary
3900978301,Post Market Surveillance - Quality,Infotree Global Solutions,Los Angeles Metropolitan Area,Contract,Mid-Senior level,['Excel'],1,dictionary
3885818943,Insurance Verification Specialist,Legacy Health,"Portland, OR",Contract,Entry level,"['Communication', 'Customer Service']",2,dictionary
3903800265,Seasonal Sales Associate,Tillys,"Queen Creek, AZ",Temporary,Entry level,['Sales'],1,dictionary
3905238359,Director of Accounting,Brightpath Associates LLC,"Southfield, MI",Full-time,Mid-Senior level,"['Communication', 'Leadership', 'Microsoft Office']",3,dictionary
3898172115,Part-Time Sales Associate (SOHO Location),PAIGE,New York City Metropolitan Area,Part-time,Entry level,"['Customer Service', 'Sales']",2,dictionary
3904954619,Outside Sales Consultant (Business Performance Advisor),Insperity,"Chicago, IL",Full-time,Associate,"['Leadership', 'Sales']",2,dictionary
3901374799,Sales Executive,Randstad USA,Knoxville Metropolitan Area,Full-time,Associate,"['Communication', 'Customer Service', 'R', 'Sales']",4,dictionary
3887890773,Personal Banker St George Main,Wells Fargo,"St George, UT",Full-time,Associate,"['Customer Service', 'Leadership', 'R']",3,dictionary
3884433253,Senior Project Manager,Avesta Computer Services,"Flowood, MS",Full-time,Mid-Senior level,"['Communication', 'Leadership', 'Project Management']",3,dictionary
3901681121,Volunteer: Medicare Counselor - Taney County,VolunteerMatch,"Kissee Mills, MO",Volunteer,Associate,['Customer Service'],1,dictionary
3902348215,Data Entry Technician,InfoVision Inc.,"North Sioux City, SD",Contract,Entry level,"['Communication', 'Excel', 'Microsoft Office']",3,dictionary
3904364215,CDL Truck Driver Roll Off,WM,"Winslow, AZ",Full-time,Entry level,[],0,dictionary
3902935456,"Technical Sourcer/Recruiter/Recruiting Coordinator - NY, Hybrid",Hub Recruiting- a ZRG Partners Company,New York City Metropolitan Area,Contract,Associate,"['Communication', 'Leadership', 'Sales']",3,dictionary
3900938885,Litigation Attorney,W3Global,"Omaha, NE",Full-time,Associate,['Communication'],1,dictionary
3887899806,Part Time - Sales Associate - ProServices - Flexible,"Lowe's Companies, Inc.","Martinsville, VA",Part-time,Associate,"['Customer Service', 'Sales']",2,dictionary
3904508690,Asbestos Inspector,"EIS Holdings, LLC",Little Rock Metropolitan Area,Full-time,Associate,[],0,dictionary
3903811470,CT Technologist,Trinity Health Of New England,"Hartford, CT",Part-time,Mid-Senior level,[],0,dictionary
3904724261,Public Policy Manager IV,The Mom Project,"Washington, DC",Contract,Entry level,[],0,dictionary
3891082238,Administrative Assistant,"Magellan Financial & Insurance Services, Inc.",Blacksburg-Christiansburg-Radford Area,Full-time,Entry level,['Communication'],1,dictionary
3906223229,"William R. Kenan, Jr. Distinguished Professorship in Translational Science & Medicine",North Carolina State University,Raleigh-Durham-Chapel Hill Area,Temporary,,"['Communication', 'Computer Vision', 'Leadership', 'R']",4,dictionary
3900982495,Environmental Services Technician,North Arkansas Regional Medical Center,"Harrison, AR",Full-time,Entry level,[],0,dictionary
3887485157,Administrative Assistant ,Mission Staffing,Washington DC-Baltimore Area,Full-time,Mid-Senior level,"['Communication', 'Customer Service', 'Microsoft Office']",3,dictionary
3905871172,Entry Level Service Technician - Lawn & Agriculture- Sign-On Bonus!!,Buckeye Power Sales,Greater Cleveland,Full-time,Entry level,"['Communication', 'Sales']",2,dictionary
3901698706,VIP Guest Services Supervisor (Part-Time),Sphere Entertainment Co.,"Las Vegas, NV",Part-time,Mid-Senior level,"['Communication', 'Leadership']",2,dictionary
3902360769,Customer Experience Representative,LHH,Oklahoma City Metropolitan Area,Full-time,Associate,"['Communication', 'Customer Service', 'Microsoft Office', 'Sales']",4,dictionary
3903835209,Intern - Cybersecurity Marketing,BJC HealthCare,"St Louis, MO",Internship,,"['Communication', 'Marketing']",2,dictionary
3905367093,Business Development Manager,First Choice Coffee,Greater Sacramento,Full-time,Mid-Senior level,"['Customer Service', 'Sales']",2,dictionary
3905328772,"Nursing Assistant, Rehab",MercyOne,"Sioux City, IA",Part-time,Entry level,['Leadership'],1,dictionary
3894221617,Financial Statements Operations Associate,Atlas Search,"Princeton, NJ",Temporary,Associate,"['Communication', 'Microsoft Office']",2,dictionary
3898167752,Part-Time Early Childhood Teacher Intern,Gallup,"Omaha, NE",Part-time,Internship,['Communication'],1,dictionary
3899539107,Project Executive,Amaroc Inc.,Greater Phoenix Area,Full-time,Executive,"['Leadership', 'Project Management']",2,dictionary
3902350737,Manager Total Rewards,GQR,Greater Philadelphia,Full-time,Mid-Senior level,"['Communication', 'Leadership', 'Microsoft Office']",3,dictionary
3898163508,Line Quality Engineer,Select Source International,"Scarborough, ME",Contract,,"['Communication', 'Excel']",2,dictionary
83789755,Osteogenic Loading Coach,OsteoStrong,"Anchorage, AK",Full-time,,"['Communication', 'Customer Service']",2,dictionary
3905214462,Program Specialist -- Film,SEAT Center (Social Enterprise and Training Center),"Albany, New York Metropolitan Area",Full-time,,"['Communication', 'Microsoft Office', 'Project Management']",3,dictionary
3886201619,Graphic Design Intern,Motivator Music,"Miami, FL",Internship,,['Communication'],1,dictionary
3887474441,Step Down Registered Nurse,MedPro Healthcare Staffing,"Cleveland, OH",Contract,,[],0,dictionary
3901938819,"Claims Supervisor Claims (Hybrid Anchorage, Alaska)",Gainwell Technologies,"Anchorage, AK",Full-time,Mid-Senior level,"['Communication', 'Leadership', 'Microsoft Office']",3,dictionary
3905369187,Assistant Store Manager - Spirit,Spirit Halloween,"Dover, DE",Temporary,Mid-Senior level,['Sales'],1,dictionary
3901393268,Interim CIO,Korn Ferry,"Greenwood Village, CO",Contract,Executive,"['Communication', 'Leadership', 'Tableau']",3,dictionary
3904421289,Temporary Distribution - College Student,ACCO Brands,"Alexandria, PA",Internship,Internship,['Leadership'],1,dictionary
3905265683,Retail Sales Associate,H&M,"Huntsville, AL",Part-time,Entry level,"['Customer Service', 'Sales']",2,dictionary
3905257350,Lead Industrial Electrician,Horizon Ag-Products,"Union City, OK",Full-time,Associate,"['Communication', 'Excel', 'Microsoft Office', 'Project Management']",4,dictionary
3895536273,Project Intern-Scribe,AltaMed Health Services,"Commerce, CA",Part-time,Internship,['Leadership'],1,dictionary
3889115328,"Travel - Med Surg - Nurse Job - $1,887/wk - $2,077/wk",Aya Healthcare,"Miles City, MT",Contract,Entry level,[],0,dictionary
3902931423,Entry Level Production,Kraton Corporation,Greater Savannah Area,Full-time,Entry level,['Communication'],1,dictionary
3901391567,Devops Engineer - Harness,Instant Technology,Greater Chicago Area,Contract,,"['AWS', 'Docker', 'Git', 'JavaScript', 'Kubernetes', 'Python', 'SQL']",7,dictionary
3884818944,Nurse - RN - Med Surg,Solomon Page,"Kula, HI",Contract,Mid-Senior level,['Communication'],1,dictionary
3894293549,Foreman Pipefitter I,Zachry Group,"Port Sulphur, LA",Full-time,Director,"['Communication', 'Leadership']",2,dictionary
3901345599,Senior Cost Estimator,Concrete Strategies LLC.,"St Louis, MO",Full-time,Mid-Senior level,"['Communication', 'Excel', 'Project Management', 'Sales']",4,dictionary
3904504823,Cloud Architect,Infosys,Greater Hartford,Full-time,Associate,"['Azure', 'Communication', 'Customer Service', 'SQL']",4,dictionary
3884444638,Java Backend developer ,TekWissen ®,"Seattle, WA",Contract,Associate,"['C++', 'Communication', 'Java', 'SQL']",4,dictionary
3902936874,Human Services Professional IV (Autism Spectrum Disorder) - Kauai District,Hawaii State Department of Education,"Lihue, HI",Full-time,Mid-Senior level,['Leadership'],1,dictionary
3905246484,Process Engineers - Petrochem / Refining / LNG,Technical Staffing Resources,Greater Houston,Contract,Mid-Senior level,['Leadership'],1,dictionary
3902759022,Seasonal Sales Associate,Men's Wearhouse,"Southlake, TX",Temporary,,['Sales'],1,dictionary
3903816538,Certified Nursing Assistant (CNA) - Full-Time/Part-Time 2nd Shift,"North Shore Healthcare, LLC","Wausau, WI",Part-time,Entry level,[],0,dictionary
3888031486,Travel RN - Med Surg,American Traveler,"St Louis, MO",Part-time,Mid-Senior level,['Customer Service'],1,dictionary
3901938629,"Strategy & Innovation Analyst - Omaha, NE",Mutual of Omaha,"Omaha, NE",Full-time,Associate,['Communication'],1,dictionary
3903866800,CMA/LPN/RN - Johnston Family Medicine,UnityPoint Health,"Johnston, IA",Part-time,Entry level,['Communication'],1,dictionary
3901946237,Communications Intern,Eversheds Sutherland,"Atlanta, GA",Internship,Internship,"['Communication', 'Microsoft Office', 'Project Management']",3,dictionary
3885852958,Retail Stocking Associate,"Burlington Stores, Inc.","Medford, OR",Part-time,Entry level,['Sales'],1,dictionary
3885837103,Patient Care Tech StarTech Trainee,Lee's Summit Medical Center,"Lees Summit, MO",Full-time,Internship,['Communication'],1,dictionary
3905293216,Product Implementation Specialist,equivant,"Canton, OH",Full-time,Associate,"['Excel', 'Marketing', 'Microsoft Office']",3,dictionary
3906226794,Sales Representative - Uniform,Cintas,"Ada, OK",Full-time,,"['Excel', 'Microsoft Office', 'Sales']",3,dictionary
3884920255,Oracle HCM Cloud Architect,Tata Consultancy Services,"Jacksonville, FL",Full-time,Mid-Senior level,[],0,dictionary
3887876161,Volunteer: Help victims become survivors with AVA,VolunteerMatch,"Winnemucca, NV",Volunteer,Associate,['Communication'],1,dictionary
3905239556,Python Developer,Digitive,Canada,Contract,Mid-Senior level,"['Azure', 'Communication', 'Python']",3,dictionary
3905213470,Senior Business Intelligence Director,Confidential,"Matawan, NJ",Full-time,Director,"['Communication', 'Leadership', 'Marketing', 'SQL', 'Sales', 'Tableau']",6,dictionary
3891256447,Account Director I - Enterprise,Lumen Technologies,Greater Hartford,Full-time,Director,"['Communication', 'Excel', 'Microsoft Office', 'Sales']",4,dictionary
3904713182,CI Manager,Hearthside Food Solutions,Grand Rapids Metropolitan Area,Full-time,Mid-Senior level,"['Excel', 'Leadership', 'Microsoft Office']",3,dictionary
3884803323,Security Architecture Lead,Olympus Corporation of the Americas,"Center Valley, PA",Part-time,Mid-Senior level,"['Communication', 'Leadership', 'Sales']",3,dictionary
1218575,Respiratory Therapist,Children's Nebraska,"Omaha, NE",Full-time,,[],0,dictionary
3905242012,Registered Nurse,Net2Source Inc.,"Wichita, Kansas Metropolitan Area",Contract,Mid-Senior level,[],0,dictionary
3904407992,Cabling Technician,Randstad Digital Americas,"Plano, TX",Contract,,['Excel'],1,dictionary
3905302673,"Temporary Laboratory Assistant (Specimen Processing, Days, 30 hrs)",IDEXX,"Nashville, TN",Temporary,,['Customer Service'],1,dictionary
3891296208,Associate HR Business Partner (Temporary),Pearson,"Providence, RI",Temporary,,"['Communication', 'Customer Service', 'Marketing', 'Microsoft Office', 'Project Management']",5,dictionary
3904058182,Deli Production Team Member,Pilot Flying J,"Avon, OH",Part-time,Entry level,['Customer Service'],1,dictionary
3905299578,PRN Patient Service Representative,Health Images,Greater Fort Collins Area,Part-time,Entry level,"['Communication', 'Customer Service', 'Excel']",3,dictionary
3899534205,Phlebotomist,Pride Health,"Newport News, VA",Contract,Mid-Senior level,['Microsoft Office'],1,dictionary
3902848126,RN Registered Nurse,Life Care Centers of America,"Pueblo, CO",Full-time,Mid-Senior level,['Customer Service'],1,dictionary
3894885530,Assignment Editor,TEGNA,Washington DC-Baltimore Area,Temporary,Mid-Senior level,"['Communication', 'Leadership', 'Marketing']",3,dictionary
3903842431,Retail Licensed General Manager,Visionworks of America,Greater Orlando,Full-time,Executive,[],0,dictionary
3887581348,Certified Surgical First Assistant PRN,HCA Healthcare,"Nashville, TN",Part-time,Mid-Senior level,[],0,dictionary
3905291797,Information Technology Project Manager,eNGINE,Greater Pittsburgh Region,Full-time,Mid-Senior level,[],0,dictionary
3886212886,Security Analyst with NIST experience,Xylo Technologies,"Madison, WI",Contract,Mid-Senior level,['Communication'],1,dictionary
3902365323,Construction Administrator,Kingscott Associates,Detroit Metropolitan Area,Full-time,,"['Communication', 'Excel', 'Leadership', 'Microsoft Office']",4,dictionary
3884430616,Data Management Analyst,EPITEC,United States,Contract,Entry level,['SQL'],1,dictionary
3886214624,Print Production Manager,Fern Expo,"Seattle, WA",Full-time,Mid-Senior level,"['Communication', 'Leadership', 'Microsoft Office']",3,dictionary
3899517312,Peoplesoft Developer,Intellibee Inc,"Pontiac, MI",Full-time,,"['Communication', 'SQL']",2,dictionary
3884825538,Store General Manager,Petco,"Blaine, MN",Full-time,Executive,"['Communication', 'Customer Service', 'Leadership', 'Sales']",4,dictionary
3905874924,Helpdesk - Japanese Speaking,Dice,"Marysville, OH",Contract,Entry level,"['Customer Service', 'Leadership', 'Marketing']",3,dictionary
3904926388,Senior Accountant - Leases,The HT Group,"San Antonio, TX",Full-time,,"['Communication', 'Customer Service', 'Excel']",3,dictionary
3884447191,Embedded Software Engineer ,TekWissen ®,"Redmond, WA",Contract,Associate,"['Communication', 'Git', 'Python']",3,dictionary
3901956729,Director Corporate Communications,Planview,"Austin, Texas Metropolitan Area",Full-time,Director,"['Communication', 'Leadership', 'Marketing', 'Project Management']",4,dictionary
3891073771,Litigation Paralegal ,Core Talent Services,"Greater Birmingham, Alabama Area",Full-time,Associate,"['Communication', 'Excel', 'Microsoft Office']",3,dictionary
3905301113,Sales Engineer,Airgas,Greater Cleveland,Full-time,Associate,"['Marketing', 'Sales']",2,dictionary
3903439884,Agile Coach,Ascendion,"Chicago, IL",Contract,,"['Communication', 'Leadership']",2,dictionary
3899544085,Mechanic III - Transportation,Winston-Salem/Forsyth County Schools,Greensboro--Winston-Salem--High Point Area,Full-time,Mid-Senior level,[],0,dictionary
3891071641,Crane Supervisor,WHECO LLC,Greater Seattle Area,Full-time,,[],0,dictionary
3905829697,Administrative Coordinator,Weyerhaeuser,New Bern-Morehead City Area,Full-time,,"['Communication', 'Excel', 'Microsoft Office']",3,dictionary
3901182361,Nursing Station Technician - NICU,Fairview Health Services,"Maplewood, MN",Part-time,Entry level,"['Communication', 'Customer Service']",2,dictionary
3901380929,Digital Talent Management Intern,Slash Management,Los Angeles Metropolitan Area,Internship,,['Marketing'],1,dictionary
3903871967,Graphic Artist I,Hanesbrands Inc.,"Lenexa, KS",Temporary,Entry level,"['Adobe Illustrator', 'Sales']",2,dictionary
3884822624,Nurse Coordinator/ UM I (LVN/RN),Partnership HealthPlan of California,"Fairfield, CA",Contract,Entry level,['Communication'],1,dictionary
3900941781,VP of Marketing-AI,Intelletec,San Francisco Bay Area,Full-time,Executive,"['Leadership', 'Machine Learning', 'Marketing']",3,dictionary
3905872609,Manufacturing Engineer,Actalent,"Wichita, KS",Contract,Entry level,['Communication'],1,dictionary
3906234196,Senior Auditor,John Deere,"Johnston, IA",Full-time,,"['Communication', 'Leadership', 'Project Management']",3,dictionary
3904410220,Physician,Theoria Medical,"Arma, KS",Part-time,Mid-Senior level,['Leadership'],1,dictionary
3905339603,Quality Engineer - 24-00668,LeadStack Inc.,Cincinnati Metropolitan Area,Contract,Mid-Senior level,"['Git', 'JavaScript', 'Node.js', 'React', 'Sales']",5,dictionary
3889246813,Graduate Program,EF English First ,Greater Boston,Full-time,Entry level,[],0,dictionary
3905653149,Test Technology Engineer,Cummins Inc.,"Fridley, MN",Contract,Entry level,"['Microsoft Office', 'Project Management', 'Python']",3,dictionary
3898178303,Learning and Content Specialist ,Catapult Solutions Group,Atlanta Metropolitan Area,Contract,Associate,['Project Management'],1,dictionary
3901959325,Project Procurement Manager,"LanceSoft, Inc.","Marietta, PA",Contract,,"['Leadership', 'Project Management']",2,dictionary
3906228994,Part-Time Student-Product Verification and Validation-Waterloo IA,John Deere,"Waterloo, IA",Full-time,,"['Data Science', 'Excel', 'Microsoft Office', 'Power BI']",4,dictionary
3902399672,Senior Manager Compensation,Jack Henry,Louisville Metropolitan Area,Full-time,Mid-Senior level,['Sales'],1,dictionary
3887880290,Audit Senior Associate,"N&K CPAs, Inc.",Honolulu Metropolitan Area,Full-time,Associate,"['Communication', 'Leadership', 'Marketing', 'Sales']",4,dictionary
3902362636,Fired Heater Engineer,CTS Complete Technical Services,Greater Houston,Contract,Mid-Senior level,['Communication'],1,dictionary
3895515710,Registered Nurse - RN - Infusion,CareerStaff Unlimited,Greater Richmond Region,Full-time,Mid-Senior level,"['Customer Service', 'Leadership']",2,dictionary
3904386741,Public Relations Intern,zant,"Hoboken, NJ",Internship,,[],0,dictionary
3762860888,Field Sales Representative,PETCHEFY,"Miami, FL",Part-time,,['Sales'],1,dictionary
3901950143,"Physician Assistant / Nurse Practitioner, Emergency Department",UF Health,Gainesville Metropolitan Area,Full-time,Entry level,[],0,dictionary
3894865371,"Labor 4 (Rock Springs, WY)",J.R. Simplot Company,"Rock Springs, WY",Full-time,Mid-Senior level,"['Communication', 'Excel', 'Microsoft Office', 'R']",4,dictionary
3900073114,Junior Database Administrator,Confidential,Greater Philadelphia,Full-time,,"['Communication', 'Customer Service', 'Microsoft Office', 'SQL']",4,dictionary
3889702014,Form Carpenter,"Precon Marine, Inc","Chesapeake, VA",Temporary,,[],0,dictionary
3902748502,"Intern - Agriculture Operations (Rolla, ND)",Wilbur-Ellis,"Rolla, ND",Full-time,Internship,['Communication'],1,dictionary
3901377461,Analytics Summer Intern,Harold Grinspoon Foundation,United States,Internship,Internship,"['Communication', 'Excel', 'Microsoft Office', 'Tableau']",4,dictionary
3887709850,Maintenance Specialist,Air National Guard Recruiting,Peoria Metropolitan Area,Full-time,,['Leadership'],1,dictionary
3895564739,Route Trainee - UniFirst,UniFirst Corporation,"Stratford, CT",Full-time,Internship,"['Communication', 'Customer Service', 'Sales']",3,dictionary
3891275352,Chief Financial Officer,Beacon Group,Greater Tucson Area,Full-time,Mid-Senior level,"['Communication', 'Customer Service', 'Excel', 'Leadership', 'Marketing', 'Microsoft Office']",6,dictionary
3904072880,Seasonal Sales Associate,Men's Wearhouse,"Albany, GA",Temporary,,['Sales'],1,dictionary
3900982545,Event Technical Supervisor,Auction & Event Solutions Colorado,Denver Metropolitan Area,Part-time,,"['Microsoft Office', 'Project Management']",2,dictionary
3884896493,"Internal Medicine Job Near Nashville, TN",Atlantic MEDsearch,"Nashville, TN",Internship,Mid-Senior level,[],0,dictionary
3889751894,Special Project Manager,United States Holocaust Memorial Museum,Washington DC-Baltimore Area,Full-time,Associate,"['Communication', 'Leadership', 'Project Management']",3,dictionary
3905366076,02248 Inside Sales,Sally Beauty,"Winchester, VA",Other,Entry level,['Sales'],1,dictionary
3891006821,Bilingual Licensed Clinician,Mecklenburg County,Charlotte Metro,Full-time,Mid-Senior level,['CSS'],1,dictionary
3891067928,Project Engineer,Atascadero Glass Inc.,Greater San Luis Obispo Area,Full-time,,['Microsoft Office'],1,dictionary
3902867172,Affordable Housing Compliance Officer,Scion Staffing,"Kansas City, MO",Temporary,Mid-Senior level,"['Communication', 'Excel', 'Leadership', 'Microsoft Office', 'Project Management']",5,dictionary
3904923829,General Manager,"Fori Automation, LLC A Lincoln Electric Company","Shelby Township, MI",Full-time,Executive,"['Communication', 'Leadership', 'Microsoft Office', 'Project Management']",4,dictionary
3898167177,Facilities Project Manager,Capitol Federal® Savings Bank,Topeka Metropolitan Area,Full-time,Associate,"['Excel', 'Leadership', 'Project Management']",3,dictionary
3887101044,Renewable Energy Consultant,MetaExperts™,"Denver, CO",Contract,Mid-Senior level,"['Computer Vision', 'Project Management']",2,dictionary
3904958812,Entry-Level Quality Engineer ,OmniForce Solutions,Tulsa Metropolitan Area,Full-time,Entry level,"['Communication', 'Leadership']",2,dictionary
3891069823,Human Resources Director,LHH,"Oklahoma City, OK",Full-time,Director,[],0,dictionary
3905649524,01788 Assistant Store Manager,Sally Beauty,"Costa Mesa, CA",Other,Entry level,"['Communication', 'Customer Service', 'Marketing', 'Sales']",4,dictionary
3904516311,Oracle P2P Analyst,Visionary Innovative Technology Solutions LLC,"Tampa, FL",Contract,Associate,"['Communication', 'Microsoft Office', 'SQL']",3,dictionary
3901472566,Quality Control Inspector,Net2Source Inc.,"Alpharetta, GA",Contract,Associate,"['Excel', 'Sales']",2,dictionary
3902747450,Online Programs Administrator,University of Southern California,Los Angeles Metropolitan Area,Contract,Entry level,"['Leadership', 'Marketing']",2,dictionary
3902832703,"Senior Accountant - Mesa, Gilbert, Chandler, Tempe (East Valley)",Vaco,"Phoenix, AZ",Contract,Mid-Senior level,['Communication'],1,dictionary
3884810089,Marketing Content Manager,Freespira,Greater Seattle Area,Full-time,,"['Communication', 'Leadership', 'Marketing', 'Microsoft Office', 'Sales']",5,dictionary
3906085831,Administrative Assistant,ExecuSource,"Dallas, TX",Part-time,Associate,"['Communication', 'Customer Service', 'Microsoft Office']",3,dictionary
3899541587,Dental Assistant,Adecco,"Wilmington, DE",Contract,Associate,[],0,dictionary
3906260363,Senior Marketing Experience Owner,Navy Federal Credit Union,"Vienna, VA",Other,Executive,"['Communication', 'Data Science', 'Leadership', 'Marketing', 'Project Management']",5,dictionary
3905243981,"FT Medical Lab Technician (MLT) *Up to $65,000 a year*",Connected Health Care,"Maryville, TN",Temporary,Entry level,['Communication'],1,dictionary
3901697864,Chief Operating Officer,Force Scaling,"Oklahoma City, OK",Other,,"['Communication', 'Leadership']",2,dictionary
3891072771,Dean - Middle,Douglas County School District,"Parker, CO",Full-time,Director,['Leadership'],1,dictionary
3902736527,Seasonal Support Associate - Materials Management,United Therapeutics Corporation,Raleigh-Durham-Chapel Hill Area,Part-time,Mid-Senior level,"['Excel', 'Microsoft Office']",2,dictionary
3895237080,H&M Retail Sales Associate,H&M,"Louisville, KY",Part-time,Entry level,"['Customer Service', 'Sales']",2,dictionary
3901936646,Talent Solutions Specialist,EPITEC,"Palo Alto, CA",Contract,Mid-Senior level,[],0,dictionary
3902868050,System Administrator,Insight Global,"Eden Prairie, MN",Contract,Associate,['Communication'],1,dictionary
3901977648,Sales Representative,WestRock Company,"Rogers, AR",Full-time,Entry level,"['Communication', 'Marketing', 'Sales']",3,dictionary
3901630300,HVAC Controls Sales Executive,2020 Search Partners,Detroit Metropolitan Area,Full-time,Associate,"['Communication', 'Leadership', 'Sales']",3,dictionary
3903892135,Patient Care Tech I,Emory Healthcare,Atlanta Metropolitan Area,Part-time,Entry level,['Leadership'],1,dictionary
3901942004,Assistant,,"Lakewood, CO",Internship,,"['Communication', 'Microsoft Office']",2,dictionary
3901992916,Part-Time Stockroom Operations Associate,Kohl's,"Morristown, TN",Part-time,,"['Communication', 'Customer Service', 'Sales']",3,dictionary
3901672331,Engineering Director,Randstad USA,"Oklahoma City, OK",Full-time,,[],0,dictionary
3902832658,Histology Technologist,Apolis,"Cambridge, MA",Part-time,,[],0,dictionary
3885831292,Field Logistics Manager,Via,Salt Lake City Metropolitan Area,Full-time,Mid-Senior level,[],0,dictionary
3904427360,"VP, Population Health",WVU Medicine,"Morgantown, WV",Full-time,Executive,"['Communication', 'Leadership']",2,dictionary
3900949140,Lab Aide,Planet Pharma,San Diego Metropolitan Area,Contract,Entry level,"['Communication', 'Microsoft Office']",2,dictionary
3904957457,Team Member - Brookfield,"Goodwill Industries of Southeastern Wisconsin, Inc.","Brookfield, WI",Part-time,Entry level,['Sales'],1,dictionary
3894530148,Executive Director,Medical Services of America,"Seneca, SC",Temporary,Executive,"['Communication', 'Leadership', 'Marketing']",3,dictionary
3898170911,Director of Total Rewards,ilani,"Ridgefield, WA",Full-time,Director,"['Communication', 'Leadership', 'Microsoft Office', 'Project Management']",4,dictionary
3903871938,"Administrative Assistant- $1,000 Retention Bonus ",Grand Hyatt,"Vail, CO",Full-time,Entry level,[],0,dictionary
3902922594,AMS Regional Waste Sustainability Manager,JLL,"Corvallis, OR",Other,Mid-Senior level,['Communication'],1,dictionary
3901372853,Environmental Programs Communications Intern,Altura,"Newport Beach, CA",Full-time,Internship,['Communication'],1,dictionary
3900069564,General Consideration,Vets Pets,"Louisburg, NC",Full-time,Executive,[],0,dictionary
3895597875,Marketing Intern,A Hiring Company,"Concord, OH",Full-time,Internship,['Marketing'],1,dictionary
3902747524,General Manager,Confidential,"Lincoln, RI",Full-time,Director,"['Communication', 'Customer Service', 'Leadership', 'Marketing', 'Sales']",5,dictionary
3906251733,Nuclear Medicine Technologist-Radiology OP-Part Time,CHRISTUS St Frances Cabrini,"Alexandria, LA",Full-time,,['Communication'],1,dictionary
3895594801,Medical Assistant,Heart & Vascular Partners,"Oklahoma City, OK",Full-time,Entry level,['Microsoft Office'],1,dictionary
3905687968,Licensed Therapist for Online Counseling,BetterHelp,"Fayetteville, AR",Full-time,Entry level,"['Communication', 'Marketing']",2,dictionary
3894296902,Chief Executive Officer,Mimbres Memorial Hospital and Nursing Home,"Deming, NM",Full-time,Executive,['Leadership'],1,dictionary
3895570397,Director – Operational Technology Cybersecurity,Avangrid,"Augusta, ME",Full-time,Director,"['Communication', 'Leadership', 'TypeScript']",3,dictionary
3888000715,Part Time - Merchandising Service Associate - Plant Service - Flexible,"Lowe's Companies, Inc.","Fayetteville, AR",Part-time,Associate,"['Communication', 'Customer Service', 'Sales']",3,dictionary
3901987565,Data Training Specialist,Easterseals Southern California,"Ontario, CA",Part-time,Internship,"['Communication', 'Customer Service', 'Excel', 'Leadership', 'Microsoft Office']",5,dictionary
3844026638,Real Estate Rental Manager,Guardians of Unity Initiative,"Springfield, Illinois Metropolitan Area",Other,,['Communication'],1,dictionary
3902828660,Vice President Finance,CFR International,New York City Metropolitan Area,Full-time,Executive,['Communication'],1,dictionary
3902831789,Required Data Consultant - USC GC ONLY - Local to NY,SoftSages Technology,"New York, NY",Contract,,"['Communication', 'Leadership', 'Project Management']",3,dictionary
3894547240,CNA Training Provided,Ciena Healthcare,"McBain, MI",Full-time,Entry level,['Communication'],1,dictionary
3886897087,Program Coordinator,"Tech Providers, Inc","Houston, TX",Contract,Associate,"['Communication', 'Microsoft Office', 'Project Management']",3,dictionary
3884823059,"Sales, Summer Intern",MiQ,"Atlanta, GA",Internship,Internship,"['Communication', 'Computer Vision', 'Sales']",3,dictionary
3891252521,Public Relations Summer Intern,LΩRA PR,Miami-Fort Lauderdale Area,Internship,,"['Excel', 'Marketing', 'Microsoft Office']",3,dictionary
3902753953,Pharmacist Intern - OR,Consonus Healthcare,"Milwaukie, OR",Internship,Internship,"['Communication', 'Customer Service', 'Leadership']",3,dictionary
3906093642,Chief Compliance Officer,Kansas City Board of Public Utilities (BPU),"Kansas City, KS",Full-time,Executive,"['Communication', 'Leadership']",2,dictionary
3895244760,Customer Success Manager,Transcat,"Rochester, New York Metropolitan Area",Full-time,Associate,"['Communication', 'Leadership', 'Marketing', 'Sales']",4,dictionary
3895512010,Hotel Manager,Salamander Washington DC,"Washington, DC",Full-time,Executive,"['Communication', 'Customer Service', 'Leadership', 'Microsoft Office']",4,dictionary
3900950842,Staff Accountant,Pacific Environment,San Francisco Bay Area,Full-time,Associate,['Communication'],1,dictionary
3902943589,Data Analytics Internship,Surge Staffing,"Columbus, OH",Internship,Internship,['Communication'],1,dictionary
3905333338,Controls Planner Specialist 192431,HKA Enterprises,"Greer, SC",Contract,Director,"['Communication', 'Excel', 'Microsoft Office', 'Project Management']",4,dictionary
3902808886,Position Control Associate,Metropolitan Transportation Authority,"New York, NY",Other,Director,"['Communication', 'Python', 'R', 'SQL']",4,dictionary
3904411039,Attending Physician,Theoria Medical,"Edinboro, PA",Part-time,Mid-Senior level,['Leadership'],1,dictionary
3902349741,Accounting Assistant,The Intersect Group,Atlanta Metropolitan Area,Full-time,Associate,['Excel'],1,dictionary
3906098399,Human Resources Coordinator,The Keller Group,Greater Phoenix Area,Full-time,Associate,"['Customer Service', 'R']",2,dictionary
3885102607,Brake Press Operator -  Fall River,"Metalcraft of Mayville, Inc.","Fall River, WI",Full-time,,['Communication'],1,dictionary
3901379339,AmeriCorps VISTA Community Navigator,Nevada Volunteers,Greater Reno Area,Full-time,,"['Communication', 'Excel', 'Leadership', 'Project Management']",4,dictionary
3902785168,Event and Conference Manager,Planet Interactive,"Springfield, Massachusetts Metropolitan Area",Contract,Mid-Senior level,"['CSS', 'Communication', 'Excel', 'HTML', 'Microsoft Office', 'Project Management']",6,dictionary
3904363371,Customer Relations Specialist,"Rise Services, Inc.","Greater Birmingham, Alabama Area",Full-time,Entry level,"['Communication', 'Customer Service', 'Excel']",3,dictionary
3891074260,Patient Coordinator/Medical Receptionist,EyeCare Partners,"Edgewood, KY",Full-time,Associate,"['Customer Service', 'Leadership']",2,dictionary
3904059062,Janitorial Maintenance,Pilot Flying J,"Ehrenberg, AZ",Part-time,Entry level,['Customer Service'],1,dictionary
3895255204,Booking/ Data Entry ,The Phillip Charles Group,"Romulus, MI",Temporary,Entry level,"['Communication', 'Customer Service']",2,dictionary
3904360900,"VP, Client Relations",Prologis,Buffalo-Niagara Falls Area,Full-time,,"['Communication', 'Excel', 'Leadership', 'Marketing', 'Microsoft Office', 'Project Management']",6,dictionary
3889708597,Apartment Service Technician,Burns Management,"Guilderland, NY",Contract,Entry level,['Communication'],1,dictionary
3905258364,Electrical Reliability Engineer,Petroplan,"Minot, ND",Contract,Mid-Senior level,"['Microsoft Office', 'SQL']",2,dictionary
3903881305,"Copywriter, Senior (Hybrid)",Cella,"Los Angeles, CA",Contract,Mid-Senior level,[],0,dictionary
3901369458,Registered Nurse (RN) Intravenous (IV) Therapy,Trinity Health,"Waterbury, CT",Part-time,Mid-Senior level,[],0,dictionary
3894953985,Recruiter,BGSF,Greater Chicago Area,Contract,Mid-Senior level,"['Communication', 'Customer Service']",2,dictionary
3895203972,Patient Safety Administrative Director,Southwestern Vermont Medical Center,"Bennington, VT",Full-time,,"['Leadership', 'Project Management']",2,dictionary
3901942191,Operations Administrator,Ascend Medical Staffing LLC,"North Salt Lake, UT",Full-time,,['Sales'],1,dictionary
3905335751,Event Programmer (Part-Timer),Ticketmaster,Greater Macon,Part-time,Entry level,"['Communication', 'Customer Service', 'Marketing']",3,dictionary
3900980098,Regional Manager,"ATI Restoration, LLC",Salt Lake City Metropolitan Area,Full-time,Mid-Senior level,[],0,dictionary
3900074945,Pharmacist,McLaren Health Care,"Pontiac, MI",Internship,Entry level,[],0,dictionary
3903840974,RN - Registered Nurse - Part Time Nights,Good Samaritan Society,"Alma, NE",Part-time,Mid-Senior level,['R'],1,dictionary
3901938023,Frontend Developer,DataAnnotation,Greensboro--Winston-Salem--High Point Area,Contract,,"['C#', 'C++', 'HTML', 'JavaScript', 'Python', 'SQL']",6,dictionary
3895513820,Front End Entry Level,Safeway,"Fairbanks, AK",Part-time,,['Customer Service'],1,dictionary
3887100363,Fleet Safety Analyst,Walmart,"Bentonville, AR",Full-time,Associate,"['Communication', 'Leadership', 'Power BI']",3,dictionary
3902882154,Global Insurance Law Attorney,Nicolaides Fink Thorpe Michaelides Sullivan LLP,San Diego Metropolitan Area,Full-time,Associate,['Communication'],1,dictionary
3902865501,Legal Assistant,Dexian,New York City Metropolitan Area,Contract,Associate,"['Communication', 'Excel', 'Microsoft Office', 'Sales']",4,dictionary
3903478051,Audit Intern | Summer 2024,CBIZ,"West Conshohocken, PA",Temporary,Internship,['Microsoft Office'],1,dictionary
3905836069,Medical Sales Representative,ECA Recruiters,Boise Metropolitan Area,Full-time,Associate,['Sales'],1,dictionary
3887711254,Therapeutic Recreation Therapist,"Sanford Federal, Inc","Washington, DC",Part-time,,['Communication'],1,dictionary
3902834196,Temporary Facilities Assistant ,Career Group,"Orange County, NY",Temporary,Entry level,[],0,dictionary
3901633025,Chart Retrieval Specialist Job Template,Episource,"Oklahoma City, OK",Contract,Entry level,['Communication'],1,dictionary
3898155784,Architectural Project Manager,JZW Architects,Salt Lake City Metropolitan Area,Full-time,,['Excel'],1,dictionary
3901977375,Life Insurance Sales,Insurance Elevated,"Phoenix metropolitan area, AZ",Other,,"['Communication', 'Excel', 'Sales']",3,dictionary
3887891718,"Part Time Teller Freeport Ave, Elk River, MN",Wells Fargo,"Elk River, MN",Part-time,Associate,['R'],1,dictionary
3904362465,Director of Marketing,Palmer Group,"Des Moines, IA",Full-time,Director,"['Communication', 'Leadership', 'Marketing', 'Microsoft Office']",4,dictionary
3891005841,Onsite Research Participant,TELUS International,Los Angeles Metropolitan Area,Temporary,Associate,['Machine Learning'],1,dictionary
3901963335,Registered Nurse - ICU,Saint Clare's Health,"Denville, NJ",Other,Mid-Senior level,[],0,dictionary
3902757165,Video Production Intern,JBT Corporation,"Chalfont, PA",Temporary,Internship,['Communication'],1,dictionary
3885826238,Dentist,HealthDrive Corporation,Greater Corpus Christi Area,Full-time,Mid-Senior level,[],0,dictionary
3904990365,Store Driver,Advance Auto Parts,"Needham, MA",Part-time,Entry level,"['Communication', 'R', 'Sales']",3,dictionary
3902356888,Mechanical Engineer,CTS Complete Technical Services,"Long Beach, CA",Contract,Mid-Senior level,"['Communication', 'Leadership']",2,dictionary
3898161815,Tax Analyst,Truity Partners,Greater Minneapolis-St. Paul Area,Full-time,Associate,"['Communication', 'Project Management', 'R', 'Sales']",4,dictionary
3906246716,Lab Administrative Assistant,Addison Group,"Charlotte, NC",Other,Entry level,"['Customer Service', 'Excel']",2,dictionary
3886203882,Finance Specialist,Mousa Group LLC,"Sheridan, WY",Full-time,,"['Communication', 'Excel']",2,dictionary
3905255376,Receptionist #36275,Contemporary Staffing Solutions,"Wilmington, DE",Temporary,Entry level,"['CSS', 'Communication', 'Excel', 'Marketing', 'Sales']",5,dictionary
3905296562,Events Security - Gig-Style Work - Daily/Weekly Pay,Citadel Security USA ,Des Moines Metropolitan Area,Full-time,Entry level,"['Communication', 'Customer Service', 'Excel']",3,dictionary
3904940714,Sales Associate - B,Lands'​ End,"Fairfax, VA",Part-time,,"['Customer Service', 'Sales']",2,dictionary
3902859917,Registered Nurse - Medical / Surgical,CareTeam Solutions,"Utica, NY",Contract,Mid-Senior level,['Customer Service'],1,dictionary
3904956681,Controller,Robert Half,"Atlanta, GA",Contract,Director,"['Leadership', 'Marketing']",2,dictionary
3889286349,VP of Talent Management,Rehrig Pacific Company,"Orlando, FL",Full-time,Executive,"['Communication', 'Leadership']",2,dictionary
3903818457,General Manager,Raising Cane's Chicken Fingers,"Hattiesburg, MS",Full-time,Executive,"['Communication', 'Excel', 'Microsoft Office', 'Sales']",4,dictionary
3884439588,"Intern, Clinical Research (Operations)",axogen,"Tampa, FL",Internship,Internship,"['Communication', 'Excel', 'Sales']",3,dictionary
3900944796,CYP Assistant,Navy Region Northwest Fleet and Family Readiness (FFR),"Bremerton, WA",Part-time,Entry level,['Communication'],1,dictionary
3904961323,Deskside Support Technician,Refactor Talent,Detroit Metropolitan Area,Contract,Associate,"['Communication', 'Customer Service', 'Leadership']",3,dictionary
3901172144,Mobile Software Engineer,"Capital Staffing Solutions, Inc.",Greater Minneapolis-St. Paul Area,Contract,Mid-Senior level,"['CSS', 'Communication', 'Excel', 'HTML', 'JavaScript', 'React', 'TypeScript']",7,dictionary
3903497761,E-Commerce Manager,Burrow,New York City Metropolitan Area,Full-time,Mid-Senior level,['Marketing'],1,dictionary
3902321131,Assistant Principal - Beckley ES,Clark County School District,Las Vegas Metropolitan Area,Full-time,Mid-Senior level,[],0,dictionary
3905251971,FirstChoice RN-5,Trinity Health FirstChoice,"Wilmington, DE",Part-time,Mid-Senior level,[],0,dictionary
3905341298,Member Service Representative (Full-Time) - Mililani,Navy Federal Credit Union,"Mililani Town, HI",Other,Entry level,"['Communication', 'Customer Service']",2,dictionary
3903836792,Sales Outfitter Apparel/Footwear,Cabela's,"Kearney, NE",Part-time,Entry level,"['Customer Service', 'Sales']",2,dictionary
3884819819,CT Technologist - Radiology,Solomon Page,"Newport, RI",Contract,Mid-Senior level,['Communication'],1,dictionary
3904947184,"Operator, Plant",Enterprise Products,"Pelican, LA",Full-time,Associate,['Excel'],1,dictionary
3900962405,Seasonal Sales Associate,Jos. A. Bank Clothiers,"Glastonbury, CT",Temporary,,['Sales'],1,dictionary
3904921367,Florida Blue Florida Classic Corporate Partnerships Intern,Florida Citrus Sports,"Orlando, FL",Internship,,"['Communication', 'Excel', 'Microsoft Office', 'Sales']",4,dictionary
3887482155,Senior Cyber Threat Engineer - OSINT (Remote),AbbVie,"Washington, DC",Full-time,Mid-Senior level,"['Communication', 'Python']",2,dictionary
3904924115,Occupational Therapist- 1099 Employee,,"Lafayette, Louisiana Metropolitan Area",Full-time,,[],0,dictionary
3902365236,"VP Finance – Healthcare Services – Rapid Growth – Private Equity, 78796","Truenorth Executive Search, Inc.","Nashville, TN",Full-time,Executive,[],0,dictionary
3884426762,PRN Registered Nurse,Department of Behavioral Health and Developmental Services,"Danville, VA",Part-time,Mid-Senior level,"['Communication', 'R']",2,dictionary
3901367271,"Director, Capital Markets",Brookfield Renewable U.S.,"Charlotte, NC",Full-time,Director,"['Communication', 'Excel', 'Leadership', 'Project Management']",4,dictionary
3904502114,"PeopleSoft Techno-Functional Consultant - Clemson, SC (25% ONSITE, 75% REMOTE)","Vector Consulting, Inc","Clemson, SC",Contract,Mid-Senior level,['Communication'],1,dictionary
3901937798,Data Analyst Intern,Aroris,"Minneapolis, MN",Full-time,,"['Communication', 'Data Science', 'Excel', 'Machine Learning', 'Power BI', 'Python', 'SQL', 'Tableau']",8,dictionary
3901970304,"Fall 2024 Engineering Co-Op Greenville, NC",myGwork - LGBTQ+ Business Community,"Greenville, NC",Full-time,Internship,['Communication'],1,dictionary
3905863927,Recruitment Officer,Human Rights Watch,"Washington, DC",Full-time,Associate,"['Communication', 'Computer Vision', 'Microsoft Office']",3,dictionary
3906072596,Mechanical Design Engineer,"Futures Consulting, LLC",New York City Metropolitan Area,Full-time,Mid-Senior level,"['Communication', 'Leadership']",2,dictionary
3902747880,Intern,SouthState Bank,"Atlanta, GA",Internship,Internship,"['Excel', 'Marketing']",2,dictionary
3901677722,"Grassroots Engagement Director - AFP, South Dakota - Sioux Falls",Americans for Prosperity,"South Dakota, United States",Full-time,Director,[],0,dictionary
3903815675,Quality Assurance Tester,eTeam,"Minneapolis, MN",Contract,Associate,"['Communication', 'Microsoft Office']",2,dictionary
3904415173,Public Policy Intern,Greater Des Moines Partnership,"Des Moines, IA",Internship,,"['Communication', 'Excel', 'Microsoft Office']",3,dictionary
3895863877,Outside Sales Rep - Graphics and Color,ARC Document Solutions,Greater Orlando,Full-time,Entry level,"['Communication', 'Marketing', 'Microsoft Office', 'Sales']",4,dictionary
3904417565,Assistant Store Manager,Sally Beauty,"Bellingham, WA",Other,Entry level,"['Communication', 'Customer Service', 'Marketing', 'Sales']",4,dictionary
3379554375,Finishing Editor,Nebraska Public Media,"Lincoln, Nebraska Metropolitan Area",Full-time,,[],0,dictionary
3901976713,Em-3,WestRock Company,Metropolitan Fresno,Full-time,,"['Communication', 'React']",2,dictionary
3887882898,Part-Time Supervisor - Aeropostale 731 Rogue Valley Mall,Aéropostale,"Medford, OR",Part-time,Associate,['Sales'],1,dictionary
3894937152,Summer Internship,Biotechnology Innovation Organization,Washington DC-Baltimore Area,Internship,Internship,['Communication'],1,dictionary
3899535078,Network Engineer (contract to hire),Prosum,"Medford, OR",Contract,Mid-Senior level,"['Azure', 'Leadership', 'Microsoft Office']",3,dictionary
3904388597,Ultrasound Technologist (Per Diem),Overlake Medical Center & Clinics,"Bellevue, WA",Part-time,,['Leadership'],1,dictionary
3901900632,Security Operations Center Analyst,Insight Global,Louisville Metropolitan Area,Contract,Associate,[],0,dictionary
3898172396,IT Specialist,Confidential,"Lebanon, IN",Full-time,Associate,['Communication'],1,dictionary
3905339053,Freelance Spanish-English Over-the-Phone Interpreter,Lionbridge,United States,Other,,['Communication'],1,dictionary
3905240549,Associate System Engineer,BEPC Inc. - Business Excellence Professional Consulting,"Tucson, AZ",Contract,Associate,[],0,dictionary
3900948092,"Medical Director-Rumford, ME",Acadia Healthcare,"Rumford, ME",Part-time,Director,[],0,dictionary
3903844530,CNC Setup Technician,Prolink,Cincinnati Metropolitan Area,Full-time,Associate,['Communication'],1,dictionary
3902880371,Risk Management Internship,Washington Cities Insurance Authority,"Tukwila, WA",Internship,,"['Communication', 'Microsoft Office']",2,dictionary
3903846061,"Seasonal Retail Store Associate - Vero Beach, 6234, Vero Beach, FL",adidas,"Vero Beach, FL",Temporary,,['Communication'],1,dictionary
3904510186,Java Developer,Open Systems Technologies,"Jersey City, NJ",Contract,Entry level,['Java'],1,dictionary
3884439567,Facilities Coordinator I,Partnership HealthPlan of California,"Redding, CA",Contract,Entry level,['Excel'],1,dictionary
3901940972,Electronic Repair Technician,Ascendum Solutions,Louisville Metropolitan Area,Full-time,Mid-Senior level,[],0,dictionary
3884440889,Outside Sales Internship,Legends,"Boston, MA",Internship,Internship,"['Customer Service', 'Marketing', 'Sales']",3,dictionary
3900965030,Licensed Practical Nurse - Telemetry,Providence Medical Center,"Kansas City, KS",Other,Entry level,['Communication'],1,dictionary
3901949151,Assistant Customer Service Team Leader Office,Price Chopper Supermarkets-Market 32,"South Burlington, VT",Full-time,Associate,"['Communication', 'Customer Service', 'Sales']",3,dictionary
3895210141,Data Operations Intern,"FinQuery, Formerly LeaseQuery",United States,Full-time,Internship,"['Communication', 'Sales']",2,dictionary
3904578362,Project Manager - Full Service GC - Hyrbid,Michael Page,"Boston, MA",Full-time,Entry level,[],0,dictionary
3905203737,Vision Systems Operator (Crew C) Grand Forks FG,J.R. Simplot Company,"Grand Forks, ND",Full-time,Entry level,['R'],1,dictionary
3884806683,Senior Environment Health Safety Engineer,Jabil,Atlanta Metropolitan Area,Full-time,Associate,"['Communication', 'Microsoft Office']",2,dictionary
3894585621,Chief Revenue Officer,Share Our Strength,"Washington, DC",Full-time,Executive,"['Leadership', 'Marketing']",2,dictionary
3889492145,Staff Software Engineer - Cloud Platform,General Motors,"Warren, MI",Full-time,,['Leadership'],1,dictionary
3901156962,US Experienced Financial Advisor,Edward Jones,"Montgomery, AL",Full-time,Mid-Senior level,[],0,dictionary
3905352310,Marketing Intern,Hyring.com,"Las Vegas, NV",Internship,Entry level,"['Communication', 'Marketing', 'Sales']",3,dictionary
3899523170,Probate Assumption Specialist,"Sunrise Systems, Inc.","Johnston, IA",Contract,Associate,"['Communication', 'Customer Service']",2,dictionary
3905201267,Senior Contract Manager,Flatiron Construction,"Alexandria, VA",Contract,Associate,"['Communication', 'Leadership', 'Project Management']",3,dictionary
3902367519,Front Desk Coordinator - Facilities Maintenance,Allegiant,Las Vegas Metropolitan Area,Full-time,Entry level,"['Customer Service', 'Excel']",2,dictionary
3902348874,Software Engineer,EPITEC,"Dearborn, MI",Contract,Mid-Senior level,"['Communication', 'GCP', 'Git', 'Java', 'Microsoft Office']",5,dictionary
3889297238,"Director, Equity and Inclusion",WVU Medicine,"Morgantown, WV",Full-time,Director,['Leadership'],1,dictionary
3886442585,Retail Sales Associate Footwear,DICK'S Sporting Goods,"Clarksburg, WV",Part-time,Entry level,['Sales'],1,dictionary
3894999437,Speech Language Pathologist (Full and Part-Time - 2024-25),Millard Public Schools,"Omaha, NE",Full-time,Entry level,[],0,dictionary
3888822744,Software Architect,"GENESYS Consulting Services, Inc.","Albany, New York Metropolitan Area",Contract,Mid-Senior level,"['C#', 'SQL']",2,dictionary
3899528391,Senior Accountant,"Radian Research, Inc.","Lafayette, Indiana Metropolitan Area",Full-time,,"['Communication', 'Customer Service', 'Excel']",3,dictionary
3904996759,Junior Managerial Accountant,Los Angeles Apparel,"Los Angeles, CA",Full-time,Internship,['Excel'],1,dictionary
3902800410,Home Care Sales Liaison,Leaves Personal Care,"Wyoming, MI",Part-time,,"['Communication', 'Excel', 'Marketing', 'Sales']",4,dictionary
3885828635,Sales Representative Lead,Acosta,College Station-Bryan Area,Contract,Mid-Senior level,"['Communication', 'Excel', 'Marketing', 'Microsoft Office', 'Sales']",5,dictionary
3895490589,Energy & Environment Construction Engineer,UMC,"Washington, DC",Full-time,Entry level,"['Communication', 'Excel']",2,dictionary
3901665636,"Registered Nurse II, (RN) Outpatient Pediatric and Adolescent Gynecology",Cincinnati Children's,"Cincinnati, OH",Part-time,Mid-Senior level,[],0,dictionary
3905287956,Temporary Help - Local Government,Albemarle County,"Charlottesville, VA",Temporary,Entry level,[],0,dictionary
3905845672,Assistant Controller,Ascendo Resources,Denver Metropolitan Area,Full-time,Director,"['Excel', 'Microsoft Office']",2,dictionary
3904956340,Project Manager,GTT,Killeen-Temple Area,Full-time,Entry level,"['Communication', 'Project Management', 'Sales']",3,dictionary
3899534458,Human Resources Intern,The DreamTeam Builders,"Atlanta, GA",Internship,,"['Communication', 'Leadership', 'Marketing', 'Sales']",4,dictionary
3902355232,Project Engineer,"Pinnacle Partners, Inc",Greater Columbus Area,Full-time,Mid-Senior level,['Communication'],1,dictionary
3887893591,GP Veterinarian,Lakefield Veterinary Group,"Gig Harbor, WA",Full-time,Mid-Senior level,[],0,dictionary
3902863503,Quality Assurance Analyst,ATC,"Urbandale, IA",Contract,Mid-Senior level,"['Communication', 'Excel']",2,dictionary
3902802769,Head of Total Rewards and Payroll,Ethos Consulting LC,Greater Houston,Full-time,,"['C++', 'Communication', 'Excel', 'Leadership']",4,dictionary
3887889556,"Developmental Specialist, Early Intervention","Rise Services, Inc.","Phoenix, AZ",Contract,Entry level,[],0,dictionary
3902877534,Translation Program Manager,"Harvest Technical Services, Inc.",San Francisco Bay Area,Contract,Mid-Senior level,"['Communication', 'Project Management']",2,dictionary
3906224485,Lead Team Member,Circle K,"Abbeville, LA",Part-time,Entry level,['Customer Service'],1,dictionary
3888944286,Manufacturing Intern,Bel,"Brookings, SD",Internship,Internship,[],0,dictionary
3905325788,Internal Audit - Senior,EisnerAmper,"Nashville, TN",Internship,Mid-Senior level,"['Communication', 'Leadership', 'Microsoft Office', 'Project Management']",4,dictionary
3901167835,Sales Director,Mobilelink,"Gulfport, MS",Full-time,Director,"['Customer Service', 'Leadership', 'Sales']",3,dictionary
3904411046,Medical Director,Theoria Medical,"Montrose, CO",Part-time,Director,['Leadership'],1,dictionary
3903823981,"Hershey's Part-Time Territory Sales Associate (Ontario, CA)",The Hershey Company,"Los Angeles, CA",Part-time,Entry level,['Sales'],1,dictionary
3898171826,Validation Field Specialist,Planet Pharma,"Horsham, PA",Contract,Associate,['Sales'],1,dictionary
3905831944,"Assistant Vice President, Product Management & Operations, Data Sciences & Support",NYC Health + Hospitals,"New York, NY",Full-time,Executive,"['Communication', 'Leadership', 'Project Management']",3,dictionary
3902757770,"Principal Product Manager - Command Center, R&D",GE HealthCare,"Anchorage, AK",Full-time,Director,"['Data Science', 'Leadership', 'Machine Learning', 'Marketing', 'R', 'Sales']",6,dictionary
3894608769,Director of Finance,Creative Financial Staffing (CFS),"Boston, MA",Full-time,Director,['Excel'],1,dictionary
3902917887,Scientific Sales Representative,VRS Recruitment (US),Detroit Metropolitan Area,Full-time,,"['Communication', 'Sales']",2,dictionary
3901948041,Custodial Lead,"SBM Management Services, LP","Troy, OH",Temporary,Entry level,['Customer Service'],1,dictionary
3887704142,Volunteer: Arch Creek EcoAction Day (April 2024),VolunteerMatch,"North Miami Beach, FL",Volunteer,Associate,[],0,dictionary
3904986969,Manufacturing Engineer,Motion Recruitment,"Bothell, WA",Contract,Mid-Senior level,['Customer Service'],1,dictionary
3887711255,"Manager, Franchise Performance","Blue Rock Search, LLC",Greater Minneapolis-St. Paul Area,Full-time,Mid-Senior level,"['Communication', 'Leadership', 'Sales']",3,dictionary
3902925688,Patient Service Coordinator III,Massachusetts General Hospital,Greater Boston,Full-time,,"['Customer Service', 'Excel']",2,dictionary
3902937388,Senior Web Developer,BCforward,"Redmond, WA",Contract,Mid-Senior level,"['C#', 'Communication', 'Customer Service', 'Java', 'JavaScript', 'Node.js', 'React']",7,dictionary
3904581988,Party Chief I,Zachry Group,"Port Sulphur, LA",Full-time,Executive,"['Communication', 'Leadership']",2,dictionary
3901693934,Medical Assistant Apprentice,Fred Hutch,"Seattle, WA",Internship,Internship,"['Leadership', 'R']",2,dictionary
3886466156,Associate Team Leader,H&R Block,"Boise, ID",Full-time,Mid-Senior level,"['Communication', 'Customer Service', 'R']",3,dictionary
3901369440,Department Support Assistant Labor and Delivery,Trinity Health,"Des Moines, IA",Part-time,Entry level,['Communication'],1,dictionary
3888979496,DIRECTOR - PLAYER DEVELOPMENT,Hard Rock Hotel & Casino Sacramento,Greater Sacramento,Full-time,Director,"['Excel', 'Marketing', 'React']",3,dictionary
3901978656,Assistant,,"Chicago, IL",Volunteer,,[],0,dictionary
3905377173,Part Time - Head Cashier - Flexible,"Lowe's Companies, Inc.","Goshen, IN",Part-time,Mid-Senior level,"['Customer Service', 'Sales']",2,dictionary
3904090049,"Head of Auto & Mfg Specialists - Enterprise Apps, Migration & Modernization",Amazon Web Services (AWS),"Boston, MA",Full-time,Executive,"['AWS', 'Communication', 'Sales']",3,dictionary
3887859122,Fire Alarm Inspector,TECHEAD,Atlanta Metropolitan Area,Full-time,Associate,"['Communication', 'Excel', 'Microsoft Office']",3,dictionary
3894662448,"Senior Vice President, External Affairs ",Columbus Zoo and Aquarium,"Columbus, Ohio Metropolitan Area",Full-time,Executive,"['Communication', 'Excel', 'Leadership', 'Marketing']",4,dictionary
3885805679,"Director, Process Change Lead",Capital One,"Philadelphia, PA",Full-time,Director,['Project Management'],1,dictionary
3904405669,Claims Examiner - Workers Compensation,Synectics Inc.,"St Marys, AK",Contract,Mid-Senior level,"['Communication', 'Microsoft Office']",2,dictionary
3903884848,Summer 2024 Hardware Engineering Intern,QSC,"Costa Mesa, CA",Internship,,"['Communication', 'Customer Service']",2,dictionary
3887833747,Retail Delivery Analyst Senior,Associated Bank,Wausau-Stevens Point Area,Full-time,Mid-Senior level,['Project Management'],1,dictionary
3905369567,Part Time Clinical Consultant - Charleston,Abiomed,"Charleston, SC",Part-time,Mid-Senior level,[],0,dictionary
3902350724,Customer Success Coordinator,Pocket Nurse®,Greater Pittsburgh Region,Full-time,Associate,"['Communication', 'Customer Service', 'Excel', 'Marketing', 'Microsoft Office', 'Sales']",6,dictionary
3891267272,Product Manager Intern,NextCreator,"Austin, TX",Internship,,"['Communication', 'Marketing', 'Project Management']",3,dictionary
3902362683,VP of Clinical Services,"Blue & Co., LLC","Louisville, KY",Full-time,Executive,"['Communication', 'Leadership']",2,dictionary
3886879277,Transportation Manager,"Infomatics, Inc","Greer, SC",Contract,Mid-Senior level,"['Communication', 'Excel', 'Microsoft Office', 'Power BI', 'Project Management']",5,dictionary
3895598632,Assistant Manager Trainee,Sherwin-Williams,"Sioux Falls, SD",Full-time,Internship,"['Customer Service', 'Excel', 'Leadership', 'Marketing', 'Sales']",5,dictionary
3904410084,Phlebotomist,Synectics Inc.,"Randolph County, NC",Contract,Entry level,"['Customer Service', 'Leadership']",2,dictionary
3905291274,Medical Doctor,,Greater Tampa Bay Area,Full-time,,"['Communication', 'Leadership']",2,dictionary
3903815937,Administrative Assistant,Computech Corporation,"Hartford, CT",Part-time,Associate,"['Communication', 'Marketing', 'Project Management']",3,dictionary
3902914107,"Nurse practitioner, PA, doctor, RN",,"North Myrtle Beach, SC",Other,,[],0,dictionary
3902736531,"Director, Architecture",Fidelity Investments,"Merrimack, NH",Full-time,,"['AWS', 'Azure', 'Communication', 'Java', 'Machine Learning', 'Python']",6,dictionary
3895817190,Global Account Manager,Cogent Communications,San Diego Metropolitan Area,Full-time,Mid-Senior level,"['Communication', 'Microsoft Office', 'Sales']",3,dictionary
3887585105,Pharmacy Tech Trainee,HCA Florida Orange Park Hospital,"Orange Park, FL",Full-time,Internship,[],0,dictionary
3905250202,Senior Director,Macy's,Charlotte Metro,Full-time,Director,"['Communication', 'Customer Service', 'Excel', 'Leadership', 'Marketing', 'Microsoft Office', 'React', 'Sales']",8,dictionary
3901350569,Senior Software Engineer,"Dynalab, Inc.","Columbus, Ohio Metropolitan Area",Full-time,,"['C#', 'C++', 'Git', 'SQL']",4,dictionary
3902865697,Part-Time Beauty Advisor - Sephora,Kohl's,"Plymouth, MA",Part-time,,"['Communication', 'Sales']",2,dictionary
3900938819,Accounts Payable Intern,Charter Manufacturing,"Mequon, WI",Part-time,Internship,"['Communication', 'Excel', 'Microsoft Office']",3,dictionary
3905327760,Apprentice 4th Yr - Journeyman Lineman,Entergy,"McComb, MS",Part-time,Internship,"['Communication', 'Customer Service']",2,dictionary
3900959919,Outside Sales ,TECHSTAFF of AZ,"Chandler, AZ",Full-time,Associate,"['Communication', 'Sales']",2,dictionary
3901606035,Store Sales Lead,PPG,"Grants Pass, OR",Full-time,Entry level,"['Customer Service', 'Leadership', 'Sales']",3,dictionary
3902359656,Suicide Prevention Coordinator (Social Worker),HHS Careers,"Pine Ridge, SD",Part-time,Entry level,['Communication'],1,dictionary
3905201016,Human Resources Director,The Keller Group,Greater Phoenix Area,Full-time,Director,[],0,dictionary
3891255072,CDL B Truck Driver,The Job Network,"Elizabeth, NJ",Part-time,,[],0,dictionary
3905327943,Field Service Tech 4,Rapiscan Systems,"Atlanta, GA",Full-time,Entry level,"['Communication', 'Microsoft Office']",2,dictionary
3902340778,Benefits & Wellness Specialist - $24/hr,The Job Network,"Kalispell, MT",Part-time,,[],0,dictionary
3905249781,Construction Operator 1,Atmos Energy,Midland-Odessa Area,Full-time,,"['Communication', 'Customer Service']",2,dictionary
3904719803,Rehab Therapy Aide / PRN,Emory Healthcare,Atlanta Metropolitan Area,Part-time,Entry level,[],0,dictionary
3899519532,Head of Product Design ,GTN Technical Staffing and Consulting,Dallas-Fort Worth Metroplex,Full-time,Director,['Communication'],1,dictionary
3905390681,Patient Service Representative,University of Missouri-Columbia,"Greater Columbia, Missouri Area",Full-time,,['Customer Service'],1,dictionary
3905857567,Registered Nurse - MICU - P/T with Benefits Days,Hackensack Meridian Health,"Neptune City, NJ",Part-time,Associate,['Communication'],1,dictionary
3901374472,Software Engineer,DataAnnotation,Buffalo-Niagara Falls Area,Contract,,"['C#', 'C++', 'HTML', 'JavaScript', 'Python', 'SQL']",6,dictionary
3905323911,Director of Development Services,ICMA - International City/County Management Association,Cape Coral Metropolitan Area,Full-time,Director,[],0,dictionary
3903458386,Project Manager,Lumicity,Pensacola Metropolitan Area,Full-time,Mid-Senior level,['Communication'],1,dictionary
3901944277,Software Engineer (Back-end and Databases),Worky,NAMER,Full-time,Mid-Senior level,"['C#', 'Java', 'Python', 'SQL']",4,dictionary
3902863738,Registered Nurse- Emergency Services,Saint Michael's Medical Center,"Newark, NJ",Other,Mid-Senior level,['R'],1,dictionary
3905394717,"Fiber Technician, Las Vegas, NV",Cogent Communications,"Las Vegas, NV",Full-time,Entry level,"['Customer Service', 'Project Management']",2,dictionary
3895488741,Kitchen Staff,Jammin Java,"Vienna, VA",Part-time,,"['Communication', 'Customer Service', 'Java']",3,dictionary
3901346713,Office RN,Lexington Medical Center,"Columbia, SC",Full-time,Mid-Senior level,['Communication'],1,dictionary
3887711109,"Sr. Director, Global Talent Development & Learning",Fortive,"Everett, WA",Full-time,,"['Communication', 'Leadership']",2,dictionary
3905699116,PT Meat Market Seafood Sales Assoc,Hannaford Supermarkets,"South Burlington, VT",Full-time,Entry level,"['Communication', 'Customer Service']",2,dictionary
3905875929,CMMC Specialist,Dice,"Phoenix, AZ",Full-time,Mid-Senior level,['Communication'],1,dictionary
3894852196,Assistant Manager Part Time,Rent-A-Center,"Chicago, IL",Part-time,Mid-Senior level,"['Communication', 'Customer Service']",2,dictionary
3884435067,Interim M&A Attorney,"Major, Lindsey & Africa",United States,Temporary,Mid-Senior level,['Communication'],1,dictionary
3887898939,"Business Relationship Manager, Industrial Water Treatment",Solenis,United States,Full-time,,[],0,dictionary
3906226771,Retail Sales Associate,Verizon,"Lawton, OK",Full-time,Entry level,"['Communication', 'Customer Service', 'Sales']",3,dictionary
3904962829,Control Engineer,NDX Human Capital Solutions,Grand Rapids Metropolitan Area,Full-time,Mid-Senior level,[],0,dictionary
3905210288,Emergency Medicine Physician,Intermountain Health,"Miles City, MT",Part-time,Mid-Senior level,[],0,dictionary
3899527851,Sanitarian,HHS Careers,"Pawnee, OK",Part-time,Entry level,[],0,dictionary
3900086073,Hotel Operations Internship ,Hyatt Regency,"Denver, CO",Internship,Internship,[],0,dictionary
3899532220,Associate Project Manager,NetApp,"Durham, NC",Contract,Associate,"['Communication', 'Customer Service', 'Leadership', 'Microsoft Office', 'Project Management']",5,dictionary
3905351415,Express w/Gas Annex Manager $24.50,The Exchange,"Denver, CO",Full-time,Mid-Senior level,['Customer Service'],1,dictionary
3894565343,Wireless Sales Pro,Premium Retail Services,"Salem, MO",Part-time,Entry level,"['Excel', 'Sales']",2,dictionary
3894560336,Registered Nurse RN Home Health PRN,Elara Caring ,"Pawtucket, RI",Part-time,Mid-Senior level,['Leadership'],1,dictionary
3905276336,02337 Store Manager,Sally Beauty,"Webster, MA",Other,Mid-Senior level,"['Customer Service', 'Leadership', 'Sales']",3,dictionary
3902751966,Market and Pricing Risk Analyst,RaceTrac,"Framingham, MA",Full-time,Mid-Senior level,"['Excel', 'Microsoft Office']",2,dictionary
3901356048,Artiste technique senior / Senior Technical Artist,Bethesda Game Studios,"Montreal, QC",Full-time,Mid-Senior level,"['Node.js', 'Python', 'R']",3,dictionary
3904729268,Grant and Program Director,University of South Florida,"Tampa, FL",Full-time,Director,['Excel'],1,dictionary
3904920807,Azure DevOps Engineer,SMKSoft Inc,Washington DC-Baltimore Area,Contract,Mid-Senior level,"['Azure', 'Communication', 'Docker', 'Git', 'Java', 'JavaScript', 'Kubernetes', 'Node.js']",8,dictionary
3905283668,Program Manager,The Select Group,"Raleigh, NC",Contract,Mid-Senior level,"['Communication', 'Project Management']",2,dictionary
3905830133, ServiceNow SME -Part time role/On need basis,SGS Technologie,"Jacksonville, FL",Part-time,Mid-Senior level,[],0,dictionary
3894401164,"AVP, Corporate Accounting - Credit Fund",WhiteCap Search,"Greenwich, CT",Full-time,Executive,['Leadership'],1,dictionary
3901369648,INJECTION PROCESS TECHNICIAN,"Berry Global, Inc.",Bowling Green Metropolitan Area,Part-time,Entry level,['Excel'],1,dictionary
3900092842,HSE and Security Coordinator,Nexans,"Goose Creek, SC",Full-time,Entry level,[],0,dictionary
3888829129,"Vice President, MRO Operations",ST Engineering - Mobile Aerospace Engineering (MAE),"Mobile, AL",Full-time,Executive,"['Communication', 'Leadership', 'Sales']",3,dictionary
3891262988,Nurse - RN - Med Surg,Solomon Page,"Keene, NH",Contract,Mid-Senior level,['Communication'],1,dictionary
3904424064,Estee Lauder Beauty Advisor - Full Time - Haywood,Belk,"Greenville-Spartanburg-Anderson, South Carolina Area",Full-time,Mid-Senior level,"['CSS', 'Communication', 'Customer Service', 'Sales']",4,dictionary
3902341508,Executive Scheduling Assistant,LHH,"Washington, DC",Temporary,Associate,"['Communication', 'Microsoft Office']",2,dictionary
3904970394,Surgical Center Licensed Vocational Nurse (LVN),Paradigm Oral Health,Tyler-Jacksonville Area,Full-time,Entry level,[],0,dictionary
3898171726,"Licensed Practical Nurse, Medical Specialties",UF Health,Gainesville Metropolitan Area,Full-time,Entry level,['Customer Service'],1,dictionary
3885836005,Memory Care Director,Five Star Senior Living,"Janesville, WI",Full-time,Director,"['Communication', 'Leadership', 'Sales']",3,dictionary
3888483786,Partnership Alliances Manager - North America ,Kerridge Commercial Systems,Greater Houston,Full-time,Mid-Senior level,"['Marketing', 'Sales']",2,dictionary
3887837934,Resident Assistant WSV 2,Brightview Senior Living,"Paramus, NJ",Part-time,,[],0,dictionary
3885115057,Social Media Strategist,Ettika,Los Angeles Metropolitan Area,Part-time,,"['Communication', 'Marketing']",2,dictionary
3886835786,Physician (Epidemiology),HHS Careers,"Portland, OR",Part-time,Mid-Senior level,['Leadership'],1,dictionary
3888002479,Allied - MT/MLT - Travel,Protouch Staffing,"Hillsborough County, NH",Contract,Entry level,[],0,dictionary
3904928359,Lawyer,,"Wheeling, WV",Full-time,,[],0,dictionary
3887575339,Jr. Network Administrator / Technician,TEKsystems,"Elkhart, IN",Contract,Entry level,['Communication'],1,dictionary
3904097990,Sr Healthcare Facilities Planner/UKHC,UK HealthCare,"Lexington, KY",Part-time,Mid-Senior level,"['Communication', 'Customer Service', 'Leadership', 'Microsoft Office', 'Project Management']",5,dictionary
3905857622,Court Reporter,"Dedicated Tech Services, Inc.","Columbus, Ohio Metropolitan Area",Contract,,[],0,dictionary
3905217641,Cybersecurity Specialist,"Pyramid Consulting, Inc","Clackamas, OR",Contract,,[],0,dictionary
3904921027,Bookkeeper,StaffBright,Los Angeles Metropolitan Area,Full-time,Associate,['Microsoft Office'],1,dictionary
3902748901,Part-Time Housekeeper $15.50,Aimbridge Hospitality,"Phoenix, AZ",Part-time,Mid-Senior level,['R'],1,dictionary
3885109872,Community Education Specialist,"Keep Toledo/Lucas County Beautiful, Inc.","Toledo, Ohio Metropolitan Area",Full-time,,"['Communication', 'Customer Service', 'Marketing', 'Sales']",4,dictionary
3886450064,Business Development Intern,"Lee Creative, LLC.",United States,Internship,,"['Communication', 'Excel', 'Marketing', 'Microsoft Office', 'Sales']",5,dictionary
3899531203,"Senior Associate, Client Processing",BNY Mellon,"Lake Mary, FL",Full-time,Associate,[],0,dictionary
3899544274,Finance - Sr. Business Systems Analyst – FICO,TekWissen ®,"Wichita, KS",Contract,Associate,['Communication'],1,dictionary
3904392799,ICU Registered Nurse (RN) FT | Tulsa LTACH,PAM Health Specialty Hospital of Tulsa,"Tulsa, OK",Full-time,Mid-Senior level,"['Customer Service', 'Leadership']",2,dictionary
3901671927,Lifecycle Marketing Manager (8 Month Contract),Docusign,"Seattle, WA",Contract,Mid-Senior level,"['Communication', 'Marketing', 'Project Management', 'Tableau']",4,dictionary
3885101996,BIM Modeler,"Hatzel & Buehler, Inc",Detroit Metropolitan Area,Full-time,,['Communication'],1,dictionary
3885104107,"Engineer, Body Controls ME",EV.Careers,"Novi, MI",Internship,Entry level,[],0,dictionary
3884834349,Keyholder,Vow'd Weddings,"Charlotte, NC",Part-time,Mid-Senior level,['Sales'],1,dictionary
3903839317,Security Analyst / Cybersecurity Analyst - North Carolina,Arch Capital Services LLC,Greensboro--Winston-Salem--High Point Area,Full-time,Entry level,"['AWS', 'Azure', 'GCP', 'Python']",4,dictionary
3894284771,Controller,Michael Page,"Lawrence, KS",Full-time,Director,"['Leadership', 'Microsoft Office']",2,dictionary
3887862151,Bookkeeper,Shaw's Supermarkets,"Augusta, ME",Full-time,Entry level,['Customer Service'],1,dictionary
3886834492,General Education and Training,FDA,"White Oak, MD",Part-time,Executive,['Communication'],1,dictionary
3895526988,Volunteer: Compassionate Leaders Needed: Become A Board Member,VolunteerMatch,"Washington, DC",Volunteer,Associate,[],0,dictionary
3904725024,Executive Assistant to CRO,A-LIGN,Greater Tampa Bay Area,Full-time,Mid-Senior level,"['Excel', 'Microsoft Office', 'React']",3,dictionary
3904389109,Digital Marketing Intern,Extra Space Storage,"Salt Lake City, UT",Full-time,Internship,"['Communication', 'Marketing']",2,dictionary
3884431614,Accounts Payable Clerk - Temp to Hire,,"Irvine, CA",Temporary,Associate,['Communication'],1,dictionary
3900961590,SEO Manager,Fusion92,Pueblo-Cañon City Area,Full-time,Mid-Senior level,"['CSS', 'Communication', 'Excel', 'HTML', 'JavaScript', 'Leadership', 'Marketing']",7,dictionary
3901939188,Director of Finance And Administration,AcctPositions,"Queens, NY",Temporary,Director,['Leadership'],1,dictionary
3884923969,Business Operations Analyst - Intern,Siteimprove,"Bellevue, WA",Internship,Internship,"['Communication', 'Excel', 'Leadership', 'Marketing', 'Microsoft Office', 'Sales']",6,dictionary
3903807778,Marketing Associate | Business Proposals,Verus,"Seattle, WA",Part-time,Associate,"['Marketing', 'Microsoft Office']",2,dictionary
3905304254,Personal Banker - Roving Southeast Alaska District,Wells Fargo,"Cordova, AK",Full-time,Associate,"['Customer Service', 'Leadership', 'R']",3,dictionary
3903480634,Pastry Chef,EOS Hospitality,"Harwich, MA",Temporary,Associate,"['Communication', 'Leadership']",2,dictionary
3886858359,"Principal Supply Chain Specialist, New Product Introduction (Onsite)",Collins Aerospace,"Everett, WA",Full-time,Mid-Senior level,"['Excel', 'Leadership', 'Tableau']",3,dictionary
3901996930,Personal Trainer,The Dragon's Lair Gym,Las Vegas Metropolitan Area,Other,,['Communication'],1,dictionary
3840910043,Senior Cost Accountant,Oggi Talent,Greater Minneapolis-St. Paul Area,Full-time,Mid-Senior level,[],0,dictionary
3903881546,Sterile Processing Technician - Eves,Maxim Healthcare Staffing,"Springfield, OR",Contract,Entry level,"['Communication', 'Customer Service']",2,dictionary
3904366142,Controller,Robert Half,"Washington, DC",Contract,Director,"['Communication', 'Leadership', 'Marketing']",3,dictionary
3889128525,"Fiber Technician, Charlotte, NC",Cogent Communications,Charlotte Metro,Full-time,Entry level,"['Customer Service', 'Project Management']",2,dictionary
3884814015,Intern: Marketing Finance and Operations (Summer 2024),Volvo Construction Equipment,"Shippensburg, PA",Internship,,"['Communication', 'Data Science', 'Excel', 'Marketing', 'Project Management']",5,dictionary
3895594779,Pest Control Service Technician,"Quik-Kill Pest Eliminators, Inc.",Peoria Metropolitan Area,Full-time,,['Sales'],1,dictionary
3905885186,Printer Technician,Dice,"Des Moines, IA",Full-time,Entry level,['Customer Service'],1,dictionary
3901802348,Corporate HR and Safety Manager,White Glove Storage & Delivery,"Austin, TX",Full-time,,[],0,dictionary
3894998390,Customer Application Engineer,Prolec Energy,Greater New Orleans Region,Full-time,Associate,"['Communication', 'Sales']",2,dictionary
3905246838,Clinical Pharmacist - Great Opportunity!,"Guardian Consulting Services, Inc.",New York City Metropolitan Area,Part-time,,[],0,dictionary
3906246357,Supervisory Park Ranger (Interpretation),National Park Service,"Skagway, AK",Temporary,Mid-Senior level,['Leadership'],1,dictionary
3900069899,Project Manager,Incite Consulting,New York City Metropolitan Area,Contract,,"['Communication', 'Project Management']",2,dictionary
3905290078,Auto Body Apprentice,Caliber Collision,"Charlotte, NC",Internship,Internship,[],0,dictionary
3904571997,Accounting Coordinator,Hawthorne Lane,"Arlington, VA",Temporary,Associate,"['Communication', 'Customer Service']",2,dictionary
3902920918,IT Director - Mainframe and Operations,Paragon IT Professionals,"Sioux Falls, SD",Full-time,Director,"['Communication', 'Leadership']",2,dictionary
3889440224,Part Time - Head Cashier - Flexible,"Lowe's Companies, Inc.","Yakima, WA",Part-time,Mid-Senior level,"['Customer Service', 'Sales']",2,dictionary
3894892548,Human Resources Generalist,Sedona Staffing Services,Waterloo-Cedar Falls Area,Full-time,Mid-Senior level,[],0,dictionary
3903447248,Middle School Math Teacher,Maxim Healthcare Staffing,"Cleveland, OH",Contract,Entry level,['Communication'],1,dictionary
3899521983,Informatica IICS ,Raas Infotek,United States,Temporary,Mid-Senior level,['SQL'],1,dictionary
3901941490,Occupational Health Nurse (RN/LPN/OSHA),Cube Hub Inc.,"Wichita, KS",Contract,Associate,[],0,dictionary
3900962664,Virtual Middle School ELA Teacher (2024-2025),ACCEL Schools,Greater Tucson Area,Full-time,Entry level,"['Communication', 'Microsoft Office']",2,dictionary
3900962443,Lead Agent,ELEETE Real Estate,"Portland, Oregon Metropolitan Area",Full-time,,"['Communication', 'Marketing', 'Microsoft Office', 'Sales']",4,dictionary
3895200354,Process Quality Tech Trainee,Lamb Weston,"Boardman, OR",Full-time,Internship,[],0,dictionary
3884822244,"Director, IT Support Engineering",Coinbase,"Washington, DC",Full-time,Director,"['Communication', 'Project Management']",2,dictionary
3901677384,Volunteer: ARCHIVE Drive cancer patients to treatment: Harrison County WV,VolunteerMatch,"Bridgeport, WV",Volunteer,Associate,[],0,dictionary
3902868159,Visitor Services Assistant - Denver Parks and Recreation,City and County of Denver,Denver Metropolitan Area,Part-time,Entry level,['Customer Service'],1,dictionary
3905331969,Fire Alarm Apprentice,Pye-Barker Fire & Safety,"Houston, TX",Full-time,Internship,[],0,dictionary
3894934304,Senior Client Manager,Oswald Companies,Greater Cleveland,Full-time,Mid-Senior level,"['Leadership', 'Marketing', 'Sales']",3,dictionary
3898164428,Carpenter Assistant,Express Employment Professionals – Hawaii,"Honolulu, HI",Full-time,Associate,[],0,dictionary
3904364846,Assistant Trust Officer,Sterling Trustees,"Sioux Falls, SD",Full-time,,['Communication'],1,dictionary
3903810515,Wireless Field Construction Manager,First Point Group,Greater Indianapolis,Contract,Mid-Senior level,[],0,dictionary
3903472445,"Regional Vice President, Sales",Renaissance Learning,"Raleigh, NC",Full-time,Director,"['Communication', 'Leadership', 'Marketing', 'Sales']",4,dictionary
3903883546,Student Rad Tech,Trident Medical Center,"Charleston, SC",Part-time,Internship,['R'],1,dictionary
3884441080,Nurse - RN - Med Surg,Solomon Page,"Chattanooga, TN",Contract,Mid-Senior level,['Communication'],1,dictionary
3906251112,"Director, Human Resources",Agrace,"Madison, WI",Contract,Director,"['Communication', 'Leadership', 'Microsoft Office', 'Project Management']",4,dictionary
3905653064,"Store Manager-03239 Flowood, MS",Sally Beauty,"Flowood, MS",Other,Mid-Senior level,"['Customer Service', 'Leadership', 'Sales']",3,dictionary
3894866892,PMA,Advantage Technical,"Dearborn, MI",Contract,,"['Communication', 'Excel', 'Leadership', 'Microsoft Office', 'Project Management']",5,dictionary
3905293947,Field Risk Specialist,DataScan Field Services,State College-DuBois Area,Full-time,Entry level,"['Communication', 'Customer Service']",2,dictionary
3904722860,Leadville Race Series Retail Associate,Life Time Inc.,"Leadville, CO",Part-time,Mid-Senior level,[],0,dictionary
3901345750,Regulatory Affairs Specialist,Insight Global,"Greensboro, NC",Contract,Associate,['Communication'],1,dictionary
3891277747,Receptionist,H&R Block,San Angelo Area,Full-time,Entry level,"['Customer Service', 'Marketing', 'Microsoft Office', 'R']",4,dictionary
3889290008,"Retail Housekeeping Associate, Prince Kuhio Plaza - Flex",Macy's,"Hilo, HI",Part-time,,"['Customer Service', 'Leadership', 'Sales']",3,dictionary
3904365324,Personal Banker - Roving Western South Dakota,Wells Fargo,"Rapid City, SD",Full-time,Associate,"['Customer Service', 'Leadership', 'R']",3,dictionary
3906259171,Test Lab Intern,Dana Incorporated,"Lafayette, IN",Internship,Internship,['Microsoft Office'],1,dictionary
3886843684,"Director, Food Safety",Sprouts Farmers Market,"Phoenix, AZ",Full-time,Director,"['Communication', 'Customer Service', 'Excel', 'Leadership']",4,dictionary
3898162735,Billing Specialist,OpenTech Alliance,Greater Phoenix Area,Full-time,Associate,"['Communication', 'Customer Service', 'Excel', 'Microsoft Office']",4,dictionary
3903483384,Enterprise Data Architect,FTI,Appleton-Oshkosh-Neenah Area,Full-time,Mid-Senior level,"['Azure', 'C++', 'Data Science', 'Excel', 'GCP', 'Java', 'Machine Learning', 'Power BI', 'Python', 'R', 'SQL']",11,dictionary
3895594802,Quality Inspector,Veritas Steel LLC,Eau Claire-Menomonie Area,Full-time,Mid-Senior level,[],0,dictionary
3458210342,Clinical Trainee / Pre-Liscneded Therapist,Fraser,Greater Minneapolis-St. Paul Area,Full-time,,"['Communication', 'Leadership']",2,dictionary
3902859918,Talent Operations Representative,"Signature Performance, Inc.","Omaha, NE",Full-time,Entry level,"['Communication', 'Microsoft Office']",2,dictionary
3905846621,Data Warehouse Architect,DRS IT Solutions Inc,"Denver, CO",Contract,Mid-Senior level,"['AWS', 'Communication', 'Machine Learning', 'Python', 'SQL', 'Spark']",6,dictionary
3905856321,Graduate Nurse,North Kansas City Hospital,"Kansas City, MO",Full-time,Entry level,[],0,dictionary
3898174075,Cobol Programmer,"Client Resources, Inc.","Omaha, NE",Contract,Mid-Senior level,[],0,dictionary
3902785929,Registered Nurse (RN) - Full-Time/Part-Time/Casual All Shifts,"North Shore Healthcare, LLC","Peshtigo, WI",Part-time,Mid-Senior level,[],0,dictionary
3901670402,Director of Financial Reporting,Accountants One,Atlanta Metropolitan Area,Full-time,Director,[],0,dictionary
3895209559,"Executive Director - Hoboken, NJ",ABA Centers of Pennsylvania,"Hoboken, NJ",Full-time,Executive,"['Communication', 'Leadership']",2,dictionary
3902862316,Material Handler,Russell Tobin,"Greenville, SC",Contract,Entry level,[],0,dictionary
3906258411,Floor Lead,Sur La Table,"Melbourne, FL",Part-time,Associate,"['Communication', 'Customer Service', 'Excel', 'Microsoft Office', 'Sales']",5,dictionary
3887883658,Seasonal Piecework Housekeeper,Vacasa,"Burlington, VT",Temporary,Mid-Senior level,[],0,dictionary
3902330870,Transportation Support Engineer,,"Greater Fayetteville, AR Area",Full-time,,"['Customer Service', 'Project Management']",2,dictionary
3889434755,Full Time - Sales Associate - Paint - Opening,"Lowe's Companies, Inc.","Nicholasville, KY",Full-time,Associate,"['Customer Service', 'Sales']",2,dictionary
3884498695,"Certified Nurse Assistant (CNA) - Acute Care Pediatrics, Children's Hospital, Part Time",UVA Health,"Charlottesville, VA",Part-time,Entry level,[],0,dictionary
3899526438,Marketing Consultant,McKinley Marketing Partners,Washington DC-Baltimore Area,Contract,Director,"['Communication', 'Marketing']",2,dictionary
3901355736,Citizens Teller- Part- Time,Citizens,"Manchester, NH",Part-time,,"['Communication', 'Leadership']",2,dictionary
3904947344,Production Acceptance Specialist,Apex Systems,"North Charleston, SC",Full-time,Mid-Senior level,"['Excel', 'Microsoft Office']",2,dictionary
3906094487,ED Registered Nurse - 10K sign on bonus,Connected Health Care,"Las Cruces, NM",Full-time,Mid-Senior level,['Communication'],1,dictionary
3885831834,Patient Support Ambassador PRN,Medical City Healthcare,"McKinney, TX",Part-time,Mid-Senior level,['Customer Service'],1,dictionary
3905697578,Center Operations Specialist,USO,"Fort Riley, KS",Volunteer,Entry level,"['Customer Service', 'Leadership', 'Marketing', 'Microsoft Office', 'Project Management']",5,dictionary
3905854333,Junior Supplier Quality Engineer,TRIAD Engineering Corp,"Danvers, MA",Full-time,Associate,[],0,dictionary
3903843163,COOK LINE - STEAKHOUSE,Boyd Gaming,"Las Vegas, NV",Full-time,Entry level,[],0,dictionary
3901673702,MAC Beauty Advisor - Part Time - Citadel,Belk,"Charleston, South Carolina Metropolitan Area",Part-time,Entry level,"['CSS', 'Communication', 'Customer Service', 'Excel', 'Sales']",5,dictionary
3904933879,VP of Marketing (Southern California),True Legacy Homes,"San Diego, CA",Full-time,Executive,"['Communication', 'Leadership', 'Marketing', 'Sales']",4,dictionary
3903840993,"CPO OR Orthotist Clinician (CPO, CO, Board Eligible)","Hanger, Inc.","Jackson, MS",Part-time,Executive,"['Communication', 'Customer Service']",2,dictionary
3900942830,Business Analyst,Indsafri,"Latham, NY",Contract,,['Communication'],1,dictionary
3901630225,Release Train Manager,Agility Partners,Cincinnati Metropolitan Area,Full-time,Mid-Senior level,"['Communication', 'Leadership']",2,dictionary
3895817213,"Sales Manager, San Diego, CA",Cogent Communications,San Diego Metropolitan Area,Full-time,Entry level,"['Excel', 'Leadership', 'Sales']",3,dictionary
3903442844,R & D Chemist - Coatings,Advanced Materials & Technology Recruiting,Greater Cleveland,Full-time,Associate,"['Communication', 'Leadership', 'Marketing', 'R']",4,dictionary
3904965967,Summer Intern - Cargo,Air Charter Service,"Uniondale, NY",Internship,Entry level,"['Communication', 'Leadership', 'Sales']",3,dictionary
3884434851,Manager III - OSP Network,Hawaiian Telcom,"Honolulu, HI",Full-time,Mid-Senior level,"['Communication', 'Leadership', 'Project Management']",3,dictionary
3898173585,Stocker / Cashier,Petco,"Barre, VT",Part-time,Entry level,"['Communication', 'Sales']",2,dictionary
3884860429,Deputy Chief Financial Officer,,San Francisco Bay Area,Volunteer,,[],0,dictionary
3903885484,Pharmacy Intern,RITE AID,"Eugene, OR",Internship,Internship,[],0,dictionary
3906228731,Seasonal Merchandising Service Associate - Weekends Preferred,"Lowe's Companies, Inc.","Turnersville, NJ",Temporary,Associate,"['Customer Service', 'Sales']",2,dictionary
3903814814,Warehouse Manager / Purchasing Specialist,Summit Fire & Security,"North Little Rock, AR",Full-time,Mid-Senior level,['Communication'],1,dictionary
3904409659,"Interim Director of Nursing (RN) *Up to $2,800 per week*",Connected Health Care,"Eagle Grove, IA",Temporary,Director,['Leadership'],1,dictionary
3887885972,Hotel Manager,Accor,"Wailea, HI",Full-time,Executive,"['Communication', 'Excel', 'Leadership']",3,dictionary
3895566942,Medical Assistant - Internal Medicine - NEMG,Yale New Haven Health,"Stamford, CT",Internship,Entry level,"['Communication', 'Customer Service', 'Microsoft Office']",3,dictionary
3888968086,Patient Care Technician/CNA - Neurosurgery - Part Time,Sanford Health,"Fargo, ND",Part-time,Entry level,"['Communication', 'Customer Service', 'R']",3,dictionary
3905886102,Raw Material Storage Utilization and Optimization Intern,"Hayward Holdings, Inc.","North Kingstown, RI",Internship,Entry level,"['Excel', 'Leadership']",2,dictionary
3884437487,Nurse - RN - LTC,Solomon Page,"Millville, NJ",Contract,Mid-Senior level,['Communication'],1,dictionary
3902785064,Sales Account Manager,Harvest Sherwood Food Distributors,"Columbia, South Carolina Metropolitan Area",Full-time,Associate,"['Communication', 'Marketing', 'Sales']",3,dictionary
3884498748,Recruiting Coordinator,Internet Brands,Los Angeles Metropolitan Area,Full-time,Entry level,"['Communication', 'Excel']",2,dictionary
3905299800,Store Assistant Manager,Circle K,"Lafayette, LA",Part-time,Entry level,['Leadership'],1,dictionary
3884841822,Human Resources Assistant,Scion Staffing,"San Francisco, CA",Contract,Entry level,"['Communication', 'Leadership']",2,dictionary
3898172833,(Entry Level) Sales Executive ,University Recruiters,Dallas-Fort Worth Metroplex,Full-time,Entry level,"['Communication', 'Leadership', 'Marketing', 'Sales']",4,dictionary
3884911125,Branch Manager,Jet Direct Mortgage,Greater Augusta Area,Full-time,Mid-Senior level,"['Communication', 'Customer Service', 'Marketing']",3,dictionary
3905398400,"Operations Summer Temp (Fort Wayne, IN, USA)",Sirva,"Fort Wayne, IN",Temporary,Entry level,"['Communication', 'Customer Service', 'Excel', 'Microsoft Office']",4,dictionary
3900957849,Seasonal Student - Production Assemblers,Hearth & Home Technologies,"Lake City, MN",Temporary,Internship,[],0,dictionary
3898163309,Vietnamese VRI Medical Interpreter,AMN Healthcare,United States,Part-time,Associate,"['Communication', 'Customer Service']",2,dictionary
3887838102,Marketing Director,USAFacts,Greater Seattle Area,Full-time,Director,"['Communication', 'Leadership', 'Marketing']",3,dictionary
3902830670,Vice President of Construction Operations,"Employment Resource Group, Inc.","Lafayette, Indiana Metropolitan Area",Full-time,Executive,"['Communication', 'Leadership']",2,dictionary
3905348758,Head of People Operations - US&C,Uber,"Seattle, WA",Full-time,Director,['Leadership'],1,dictionary
3887472125, Associate Chief of Staff,Metro Global Ventures LLC,Greater Philadelphia,Full-time,Associate,['Communication'],1,dictionary
3884918760,CFO - Commercial,Honeywell,"Atlanta, GA",Full-time,Executive,"['Communication', 'Leadership', 'Sales']",3,dictionary
3904567405,Operations Specialist,Selby Jennings,Charlotte Metro,Full-time,Associate,['Excel'],1,dictionary
3889434805,Retail Sales – Part Time,"Lowe's Companies, Inc.","Anchorage, AK",Part-time,Entry level,['Sales'],1,dictionary
3899526747,Radiologic Technologist - 217667,Medix™,"Stamford, CT",Contract,Entry level,['Communication'],1,dictionary
3887493112,CDL A Local Delivery Truck Driver,Sysco,"Gillette, WY",Full-time,Entry level,['Leadership'],1,dictionary
3889742035,Internal Auditor,Canoo,Oklahoma City Metropolitan Area,Full-time,,[],0,dictionary
3881987723,Dialysis Technician,DevCare Solutions,"Orient, OH",Contract,,['Communication'],1,dictionary
3905868461,Senior Paid Media Manager,Directive,Greater Tampa Bay Area,Full-time,Mid-Senior level,"['Communication', 'Leadership', 'Marketing', 'SQL']",4,dictionary
3906247698,Retail Sales Supervisor,Harbor Freight Tools,"Dickinson, ND",Full-time,Mid-Senior level,"['Leadership', 'Sales']",2,dictionary
3904380986,X-Ray Technologist,RAYUS Radiology,"Kirkland, WA",Temporary,Mid-Senior level,[],0,dictionary
3887701070,"Asset Protection Detective, Penn Square Mall - Flex",Macy's,"Oklahoma City, OK",Part-time,,"['Customer Service', 'Marketing', 'Sales']",3,dictionary
3887591947,"Registered Nurse (RN) - Nurse Resident, July 2024, ICU Neuro",Prisma Health,"Greenville, SC",Temporary,,['Leadership'],1,dictionary
3891077593,INTERDISCIPLINARY TECHNICAL EXPERT ELECTRONICS ENGINEER/COMPUTER SCIENTIST,Air Force Civilian Service,"Davis County, UT",Full-time,Director,"['Leadership', 'Project Management']",2,dictionary
3889414941,PROGRAM ANALYST with Security Clearance,ClearanceJobs,"Center, PA",Temporary,Mid-Senior level,[],0,dictionary
3901998620,HR Digital Solutions Functional Business Analyst,Medtronic,"Minneapolis, MN",Full-time,Mid-Senior level,"['Communication', 'Leadership']",2,dictionary
3905292982,Associate Dean for Academic Engagement,Towson University,"Towson, MD",Full-time,Mid-Senior level,"['Communication', 'Leadership', 'Marketing', 'Project Management']",4,dictionary
3898170597,Manufacturing Engineer I,XKL,"Redmond, WA",Full-time,,[],0,dictionary
3898163596, Enterprise Asset Management PM,Radiant Digital,"St Paul, MN",Contract,,"['Communication', 'Project Management']",2,dictionary
3905252387,AmeriCorps School Programs Educator,Mount Washington Observatory,"North Conway, NH",Temporary,,[],0,dictionary
3868035218,Associate Director of Campus Safety,Willamette University,"Portland, Oregon Metropolitan Area",Full-time,,"['Communication', 'Customer Service', 'Leadership']",3,dictionary
3899523676,Construction Superintendent,Teklus & Teklus Construction,Greater Reno Area,Full-time,,"['Excel', 'Microsoft Office']",2,dictionary
3905661455,Researcher/FLSA (Oral Immunology and Infectious Diseases ) - Part-time,University of Louisville,"Louisville, KY",Part-time,Mid-Senior level,[],0,dictionary
3905267892,Finance Manager,Morrie's Auto Group,La Crosse-Onalaska Area,Full-time,,"['Customer Service', 'Sales']",2,dictionary
3900073091,Service Sales Representative,CentiMark Corporation,"Little Rock, AR",Full-time,Associate,['Sales'],1,dictionary
3889282680,Sales Associate,Torrid,Greater Jackson Area,Full-time,Associate,"['Customer Service', 'Sales']",2,dictionary
3905296952,Mechanical Engineer,Connexa Search Group,"Greenville-Spartanburg-Anderson, South Carolina Area",Full-time,Mid-Senior level,[],0,dictionary
3904098238,Licensed Practical Nurse,My3Tech,"Murfreesboro, TN",Contract,Associate,['Communication'],1,dictionary
3906086010,"Senior Counsel, Employment",Flynn Group,Greater Cleveland,Full-time,Mid-Senior level,['Communication'],1,dictionary
3901696151,Turndown Attendant (Part-Time) - Conrad Orlando,Conrad Orlando,Greater Orlando,Part-time,Entry level,['Leadership'],1,dictionary
3903835863,Gun Vault Specialist,Bass Pro Shops,Oklahoma City Metropolitan Area,Full-time,Mid-Senior level,"['Customer Service', 'Sales']",2,dictionary
3903824673,Delivery Coordinator,Nebraska Furniture Mart,Topeka Metropolitan Area,Full-time,Entry level,['Communication'],1,dictionary
3905306889,Wealth Strategy Associate,UBS,"Minneapolis, MN",Full-time,,['Excel'],1,dictionary
3903459151,Intern,Dream Finders Homes,"Franklin, TN",Internship,Internship,['Project Management'],1,dictionary
3884437308,Licensed Professional Counselor,BrightSpire Health,"Beaverton, OR",Full-time,,[],0,dictionary
3901943298,Marketing Representative,Standup Promotions,"Miami, FL",Full-time,Entry level,"['Communication', 'Customer Service', 'Marketing']",3,dictionary
3888037107,Registered Nurse (RN) | Intensive Care Unit (ICU) - Contract - Days,HealthTrust Workforce Solutions,"Ogden, UT",Contract,Mid-Senior level,[],0,dictionary
3900954254,Unit Manager - Infection Prevention,MPHI,Greater Lansing,Full-time,Mid-Senior level,"['Communication', 'Customer Service']",2,dictionary
3886454564,Chronic Care RN,"TalentBurst, an Inc 5000 company","Butte, MT",Contract,Mid-Senior level,[],0,dictionary
3894879371,Human Resources Business Partner,The JPI Group,Nashville Metropolitan Area,Full-time,Mid-Senior level,"['Communication', 'Leadership', 'Microsoft Office']",3,dictionary
3901966408,Restaurant Supervisor-Wyndham,Remington Hospitality,"Gettysburg, PA",Full-time,Mid-Senior level,['Communication'],1,dictionary
3902866573,Part-Time Beauty Advisor - Sephora,Kohl's,"Cincinnati, OH",Part-time,,"['Communication', 'Sales']",2,dictionary
3904723481,Certified Medication Assistant - Herreid - FT - Rotating Shifts,Good Samaritan Society,"Herreid, SD",Full-time,Entry level,['R'],1,dictionary
3905826143,Corporate Information Technology Manager Hotels,Snelling Hospitality Executive Search,Charlotte Metro,Full-time,Director,"['Communication', 'Leadership']",2,dictionary
3903809674,"Insider Risk Analyst (Remote, MST & PST)",CrowdStrike,"Cheyenne, WY",Full-time,Entry level,['Communication'],1,dictionary
3905241207,Digital Marketing Intern,Tambourine,Miami-Fort Lauderdale Area,Internship,Internship,"['Communication', 'Marketing', 'Project Management']",3,dictionary
3894283985,Retirement Specialist,Care New England,"Providence, RI",Full-time,Associate,"['Excel', 'Microsoft Office']",2,dictionary
3898166082,Technical Writer,Ampstek,"Wichita, Kansas Metropolitan Area",Contract,,[],0,dictionary
3902753181,Dual General Manager,Aimbridge Hospitality,"Amarillo, TX",Full-time,Executive,"['Communication', 'Leadership', 'Sales']",3,dictionary
3900982096,Computer Specialist I-III (Operations/Software),Metropolitan Transportation Authority,"Brooklyn, NY",Other,Entry level,['Communication'],1,dictionary
3895596878,Assistant Location Manager - Glacier National Park,Xanterra Travel Collection,"Columbia Falls, MT",Temporary,Mid-Senior level,"['Communication', 'Leadership']",2,dictionary
3901388247,Senior Vice President of Technology,CRG Search,Washington DC-Baltimore Area,Full-time,Executive,"['Communication', 'Leadership', 'R']",3,dictionary
3903185770,Google Dialogflow CX Developer,Eventus Solutions Group,"Atlanta, GA",Temporary,Associate,['Customer Service'],1,dictionary
3898169763,PACS-Medical Imaging Support Associate - 25011,iMPact Business Group,"Springfield, Illinois Metropolitan Area",Contract,Associate,"['Communication', 'Customer Service']",2,dictionary
3904384855,"Consulting and Outsourcing Intern - Spring 2026 - Bloomington/Peoria, IL",CLA (CliftonLarsonAllen),"Bloomington, IL",Part-time,Internship,[],0,dictionary
3904720471,Veterinary Technician,VCA Animal Hospitals,"Anchorage, AK",Full-time,Entry level,['Leadership'],1,dictionary
3900940704,Package Handler - Part Time (Warehouse like),FedEx Ground,"Greenville, SC",Part-time,,[],0,dictionary
3902781411,Project Manager,Omni - Tech & AI Growth Partner,South Africa,Full-time,,"['Communication', 'Project Management', 'Sales']",3,dictionary
3901939422,Sr. E &I Engineering Design tech 2443),EDG,"Metairie, LA",Full-time,Associate,['Communication'],1,dictionary
3905300461,Chief Financial Officer,Frontline Source Group ,"Moscow, ID",Full-time,Executive,[],0,dictionary
3898166833," Intern, Product Development  - Ann Taylor ",Ann Taylor,"New York, NY",Internship,Internship,"['Communication', 'Excel']",2,dictionary
3884937555,Environmental Sustainability Intern,ManpowerGroup,"Northbrook, IL",Temporary,Internship,['Communication'],1,dictionary
3904956773,Senior Software Engineer,Connect-IT ,Greater Seattle Area,Full-time,Mid-Senior level,"['Python', 'TypeScript']",2,dictionary
3900942493,Event Marketing and Sales Associate,Launch 513,Cincinnati Metropolitan Area,Full-time,,"['Communication', 'Leadership', 'Marketing', 'Sales']",4,dictionary
3891077312,Assistant Program Manager - BASE,Douglas County School District,Greater Flagstaff Area,Full-time,Mid-Senior level,[],0,dictionary
3901389407,Enterprise Architect,"LanceSoft, Inc.","Cheyenne, WY",Contract,,['R'],1,dictionary
3884802338,Records Specialist,Insight Global,"Spokane, WA",Full-time,Entry level,[],0,dictionary
3898164369,"Behavioral Health Technician -- $3,000 Sign On Bonus",Banyan Health Systems,"Pompano Beach, FL",Full-time,,[],0,dictionary
3904371618,NOC/ Network Operations/ Global Program Director/ Network Operations,Vantage Point Consulting Inc.,"Cincinnati, OH",Contract,Director,"['Customer Service', 'Sales']",2,dictionary
3884856796, Senior Cyber Threat Intel Analyst,Zeneth Technology Partners,Washington DC-Baltimore Area,Contract,Mid-Senior level,"['Communication', 'Customer Service', 'Excel', 'Leadership', 'Microsoft Office']",5,dictionary
3904988627,Resident Assistant,Ebenezer,"Mankato, MN",Part-time,Entry level,[],0,dictionary
3905336019,Product Owner,Sartorius,"Ann Arbor, MI",Full-time,Director,"['Communication', 'Leadership', 'Machine Learning', 'Marketing', 'Sales']",5,dictionary
3905850996,Information Technology Support Specialist,Labatt Food Service,"San Antonio, TX",Full-time,Entry level,[],0,dictionary
3906079513,Insurance Agent,Best Insurance Group,Nashville Metropolitan Area,Full-time,,"['Communication', 'Customer Service', 'Sales']",3,dictionary
3902364406,"Chief Medical Officer, Health Plan-Must reside in Arizona",Molina Healthcare,"Phoenix, AZ",Full-time,Executive,['Leadership'],1,dictionary
3891291458,Design Internship,OurVision: Creative Design Services and Resources,"Chicago, IL",Volunteer,,"['Adobe Illustrator', 'Adobe Photoshop', 'Communication', 'Marketing']",4,dictionary
3903480178,Identity Management Consultant,"ITCO Solutions, Inc.",San Diego Metropolitan Area,Contract,Mid-Senior level,"['Azure', 'HTML', 'JavaScript', 'Python', 'SQL']",5,dictionary
3906098221,Mainframe Developer with Kafka (Local Candidate Required),Compunnel Inc.,"Wilmington, DE",Contract,Mid-Senior level,['Communication'],1,dictionary
3888825529,Wealth Client Support Specialist ,Oakworth Capital Bank,"Birmingham, AL",Full-time,Associate,"['Microsoft Office', 'Sales']",2,dictionary
3904382831,Engagement Specialist MCR (Weekends Only),National Youth Advocate Program (NYAP),"Matteson, IL",Part-time,Mid-Senior level,['Leadership'],1,dictionary
3889425951,Part Time Teller West Lynnwood,Wells Fargo,"Lynnwood, WA",Part-time,Associate,"['Customer Service', 'R']",2,dictionary
3904424859,"Sonographer, Med Center SW, PRN",UofL Health,"Louisville, KY",Full-time,Mid-Senior level,['R'],1,dictionary
3904952752,"Customer Service Associate - Lincolnshire, IL",Camping World,"Lincolnshire, IL",Full-time,Entry level,"['Communication', 'Leadership', 'Microsoft Office', 'Sales']",4,dictionary
3902867090,Material Handler - Nights,Rust-Oleum Corporation,"Martinsburg, WV",Full-time,Associate,['Communication'],1,dictionary
3895530395,Volunteer: Courses Coordinator Assistant,VolunteerMatch,"Seattle, WA",Volunteer,Associate,['Communication'],1,dictionary
3905328770,Clinical Nutrition Supervisor - Full Time - Day Shift,MercyOne,"Mason City, IA",Full-time,Mid-Senior level,[],0,dictionary
3905205480,Regional Discipline Manager (Grassroots) - 12 Month Maternity Cover,The Football Association,"Home, KS",Contract,Mid-Senior level,"['Communication', 'Microsoft Office']",2,dictionary
3887821734,Operations Internship,PRIME,"Louisville, KY",Temporary,Internship,"['Excel', 'Microsoft Office']",2,dictionary
3890894250,Litigation Paralegal,Aimic Inc,"Indianapolis, IN",Contract,Mid-Senior level,['Microsoft Office'],1,dictionary
3905367034,Beauty Advisor (Inside Sales) Sally Beauty 10769,Sally Beauty,"Los Angeles, California, United States",Other,Mid-Senior level,['Sales'],1,dictionary
3901394345,Recruiter ,Cielo Talent,"Grand Forks, ND",Full-time,Associate,"['Communication', 'Microsoft Office']",2,dictionary
3894898626,DVM - Associate Veterinarian - Urgent Care,Mission Veterinary Partners,"Peachtree Corners, GA",Part-time,Mid-Senior level,['Communication'],1,dictionary
3900975198,Customer Service Representative ,MityLite,"Orem, UT",Full-time,Associate,"['Communication', 'Excel', 'Sales']",3,dictionary
3898161181,Pharmaceutical Sales Representative - Part Time,Promoveo Health,"Wilmington, DE",Part-time,Associate,['Sales'],1,dictionary
3904065024,Entry Level Low Voltage Cable Installer,TEKsystems,"Tulsa, OK",Full-time,Entry level,[],0,dictionary
3905305583,Stormwater Superintendent,"Apex Companies, LLC",Greater Chattanooga,Full-time,Mid-Senior level,"['Project Management', 'Sales']",2,dictionary
3769518300,Wellness Associate,beem Light Sauna,"Malvern, PA",Part-time,,"['Communication', 'Customer Service', 'Marketing', 'Sales']",4,dictionary
3906254892,Branch Intern,Stifel Financial Corp.,"Winston-Salem, NC",Part-time,Internship,"['Excel', 'Marketing']",2,dictionary
3901936723,Talent Coordinator,Cypress HCM,Los Angeles Metropolitan Area,Contract,Associate,['Communication'],1,dictionary
3904921974,Medical Sales Representative,Pursuit,San Diego Metropolitan Area,Full-time,Mid-Senior level,['Sales'],1,dictionary
3901356088,"Optometric Technician, Part-Time - King of Prussia",Warby Parker,"King of Prussia, PA",Part-time,Entry level,['Sales'],1,dictionary
3885854126,Cashier,Cabela's,"Farmington, UT",Part-time,Entry level,"['Customer Service', 'Sales']",2,dictionary
3903808306,One Water Discipline Lead,"CHA Consulting, Inc.","Winter Haven, FL",Full-time,Mid-Senior level,"['Communication', 'Leadership', 'Microsoft Office']",3,dictionary
3894648257,"Keyholder - The Cosmetics Company Store - 20 Hrs - Tanger Outlets at Foxwood - Mashantucket, CT",The Estée Lauder Companies Inc.,"Mashantucket, CT",Part-time,,"['Customer Service', 'Sales']",2,dictionary
3894285579,Revenue Operations Intern,Levitate,"Raleigh, NC",Internship,Internship,"['Communication', 'Microsoft Office', 'Sales']",3,dictionary
3904511286,"Staff nurse , internal travel",Endeavor Health,"Evanston, IL",Part-time,Mid-Senior level,[],0,dictionary
3895537884,Seasonal Piecework Housekeeper,Vacasa,"Corolla, NC",Temporary,Mid-Senior level,[],0,dictionary
3904725256,Product Marketing Manager,Genesys,Urbana-Champaign Area,Full-time,Mid-Senior level,"['Communication', 'Leadership', 'Marketing', 'Sales']",4,dictionary
3901967274,Project Manager,Identity Group,"Wichita, Kansas Metropolitan Area",Full-time,,"['Adobe Illustrator', 'Communication', 'Project Management', 'Sales']",4,dictionary
3902772255,"AVP, Controllership - Regulatory Reporting",Synchrony,"Stamford, CT",Full-time,,"['Communication', 'Excel', 'Microsoft Office']",3,dictionary
3900090358,Fire Sprinkler Apprentice,Summit Fire & Security,Raleigh-Durham-Chapel Hill Area,Part-time,Internship,"['Communication', 'Customer Service']",2,dictionary
3888961794,Correctional Clinical Associate - Marlin Unit,The University of Texas Medical Branch,Waco Area,Full-time,Entry level,[],0,dictionary
3901180088,Enterprise Select Account Executive - Retail,Talkdesk,Greater Dothan,Full-time,Mid-Senior level,"['Communication', 'Leadership', 'Sales']",3,dictionary
3905363817,Senior Project Manager - Contract,Critical Mass,"Chicago, IL",Contract,,"['Communication', 'Excel', 'Leadership', 'Marketing', 'Project Management']",5,dictionary
3905333627,Med Surg RN,National Staffing Solutions,"Centerville, IA",Full-time,Mid-Senior level,[],0,dictionary
3905838195,Director of Maintenance,LAUNCH Technical Workforce Solutions,"Kansas City, MO",Full-time,Director,"['Communication', 'Leadership']",2,dictionary
3902833385,Quality Laboratory Manager,"Kelly Science, Engineering, Technology & Telecom",Los Angeles Metropolitan Area,Full-time,Mid-Senior level,"['Excel', 'Leadership', 'R']",3,dictionary
3901671720, Senior Software Engineer - Kubernetes (1927890),Tier4 Group,Greater Milwaukee,Contract,Mid-Senior level,"['AWS', 'Communication', 'Docker', 'JavaScript', 'Kubernetes', 'Python']",6,dictionary
3905338228,San Antonio 49 eStores - eStore Curbie - Part-Time,H-E-B,"San Antonio, TX",Part-time,,"['Communication', 'Customer Service']",2,dictionary
3891070684,Special Agent,Arizona Department of Gaming,Greater Phoenix Area,Full-time,Associate,[],0,dictionary
3902864526,"Senior Director, Analytical Sciences and Quality Testing",GQR,Greater Boston,Full-time,Executive,"['Communication', 'Excel', 'Leadership', 'Microsoft Office']",4,dictionary
3891257307,Senior Computer Vision Engineer ,Integer Technologies LLC,"Columbia, South Carolina Metropolitan Area",Full-time,Mid-Senior level,"['C++', 'Communication', 'Computer Vision', 'Leadership', 'Machine Learning', 'Python', 'R']",7,dictionary
3905649644,Senior Electrical Engineer,CN3CT,"Boston, MA",Full-time,,"['Computer Vision', 'Leadership', 'Python']",3,dictionary
3904363423,"Penta - Fiber Splice Technician, MD",Centerline,"Elkton, MD",Full-time,Entry level,['Project Management'],1,dictionary
3889283145,Ultrasound Technologist,MedPro Healthcare Staffing,"Jackson, MS",Contract,,[],0,dictionary
3902943257,Servicing Intern,First Financial Bank,"Keystone, IN",Part-time,Internship,"['Communication', 'Excel', 'Leadership', 'Microsoft Office', 'Project Management']",5,dictionary
3906249854,"Manager, General Services (Real Estate / Facilities)",Public Service Company of New Mexico (PNM),"Albuquerque, NM",Full-time,Executive,['Communication'],1,dictionary
3906257209,"Peer Support Specialist, Assertive Community Treatment - Baltimore, MD",Sheppard Pratt,"Baltimore, MD",Full-time,Executive,[],0,dictionary
3900070547,Sales Development Representative ,Expert Enterprise Utah,Salt Lake City Metropolitan Area,Full-time,Entry level,"['Communication', 'Marketing', 'Sales']",3,dictionary
3902779639,Brand Marketing Intern,Schoolhouse,"Portland, Oregon Metropolitan Area",Internship,Internship,['Marketing'],1,dictionary
3904404234,Material Engineer,Rose International,"Chillicothe, IL",Temporary,Mid-Senior level,"['Communication', 'Excel']",2,dictionary
3889127386,"Utilization Management Nurse, Consultant",Blue Shield of California,"California, United States",Full-time,Mid-Senior level,"['Communication', 'Project Management']",2,dictionary
3902864554,"Remote Inpatient Review RN / LVN Nurse, Must have California Licensure (Long-Term Temp w/ Med Benefits)",Alignment Health,"California, United States",Temporary,Mid-Senior level,"['Communication', 'Excel', 'Marketing']",3,dictionary
3903473554,IRC23951 Project Controls Scheduler 3,EnergySolutions,Greater Harrisburg Area,Full-time,Mid-Senior level,"['Communication', 'Excel', 'R']",3,dictionary
3894893112,Dentist,Elite Dental Partners,Peoria Metropolitan Area,Full-time,Mid-Senior level,[],0,dictionary
3903843719,Quality Systems Engineer - Training,Inspire Medical Systems,"Golden Valley, MN",Full-time,Entry level,"['Excel', 'Leadership', 'Power BI', 'Project Management']",4,dictionary
3899522698,Desktop Support/ End-User Support Technician,Themesoft Inc.,"Carlsbad, NM",Contract,Associate,"['Communication', 'Customer Service', 'Microsoft Office']",3,dictionary
3905641961,Quality Intern (Summer 2024),"Horton, Inc.","Westminster, SC",Full-time,Internship,[],0,dictionary
3902834659,Construction Project Manager,Diamond Peak Recruiting,Greater Milwaukee,Full-time,Mid-Senior level,"['Communication', 'Leadership', 'Microsoft Office', 'Project Management']",4,dictionary
3884814036,2024-2025 - GENERAL RESOURCE ROOM TEACHER - VALLEY HS,Clark County School District,"Las Vegas, NV",Full-time,Executive,[],0,dictionary
3900980099,"Content Coordinator, Microsoft Global Retail Digital Experiences, Limited Contract",Experiences For Mankind,San Diego Metropolitan Area,Contract,,"['HTML', 'JavaScript']",2,dictionary
3904965118,Enrollment Agent - Regional Mobile (Customer Service) ,IDEMIA North America,"Portland, ME",Full-time,Associate,"['Customer Service', 'Microsoft Office', 'Sales']",3,dictionary
3901950335,Celebrations Assistant,Discovery Senior Living,"Michigan City, IN",Part-time,Entry level,[],0,dictionary
3904394257,Corpus 18 Bakery - Cake Decorator - Part-Time,H-E-B,"Corpus Christi, TX",Part-time,Mid-Senior level,"['Communication', 'Customer Service', 'Sales']",3,dictionary
3902352950,Service Desk Technician,INSPYR Solutions,"Winchester, VA",Contract,Mid-Senior level,"['Communication', 'Customer Service', 'React']",3,dictionary
3478606637,Energy and Asset Coordinator,Moseley Architects,Raleigh-Durham-Chapel Hill Area,Full-time,,"['Communication', 'Marketing', 'R']",3,dictionary
3889752793,Commercial Solar Sales Representative,Summit Energy,"Springfield, Massachusetts Metropolitan Area",Contract,,"['Communication', 'Sales']",2,dictionary
3887893133,"Vice President, Global Field Marketing",Freshworks,"Bellevue, WA",Full-time,Executive,"['Communication', 'Leadership', 'Marketing', 'Sales']",4,dictionary
3903810737,Executive Director for Coordination of Student Crisis & Safety Intervention,Plymouth State University,"Plymouth, NH",Internship,Internship,['Communication'],1,dictionary
3885102801,Automation Tester (no c2c)  - Local to Indianapolis,Theoris,"Indianapolis, IN",Full-time,Director,['Communication'],1,dictionary
3904419768,Dental Assistant,Dental Care Alliance,"South Bend, IN",Temporary,Entry level,"['Communication', 'Customer Service']",2,dictionary
3902825632,Discharge Nurse Navigator- Case Management,Yuma Regional Medical Center,"Greater Yuma, AZ Area",Full-time,,['Communication'],1,dictionary
3904098734,Technical Program Manager (1930043),Tier4 Group,"Milwaukee, WI",Contract,Associate,['Project Management'],1,dictionary
3904951525,Production Associate 1st & 2nd Shift,McIntosh Box & Pallet,Utica-Rome Area,Full-time,Entry level,[],0,dictionary
3905844581,Director of Quality and Risk,Encompass Health,"Alexandria, LA",Other,Director,['Leadership'],1,dictionary
3903806899,Assembly Operator,Regal Rexnord,"New Hartford, CT",Full-time,Entry level,['Sales'],1,dictionary
3903835554,Pharmacy Intern (PRN) - Infectious Diseases,Washington University in St. Louis,"St Louis, MO",Part-time,Internship,"['Communication', 'Customer Service']",2,dictionary
3901981663,Math Tutors and Volunteer Math Tutors,,Denver Metropolitan Area,Part-time,,[],0,dictionary
3901371789,"Assurance Intern, Third Party Attestation - Summer 2025 (Greater Philadelphia)",BDO USA,"Cherry Hill, NJ",Full-time,Internship,"['Communication', 'Excel', 'Leadership', 'Microsoft Office']",4,dictionary
3887499909,REGISTERED NURSE- P/T INTENSIVE CARE NURSERY,Cooper University Health Care,"Camden, NJ",Part-time,Mid-Senior level,['Customer Service'],1,dictionary
3901657153,Executive Sous Chef,Invited,"Hilton Head Island, SC",Temporary,Mid-Senior level,"['Communication', 'Leadership', 'Microsoft Office']",3,dictionary
3905833441,"Intern, External Affairs",Corporation for Public Broadcasting,"Washington, DC",Internship,Internship,"['Communication', 'Excel', 'Microsoft Office']",3,dictionary
3905293505,Production Supervisor,"Integrated Resources, Inc ( IRI )","Beaver Dam, WI",Contract,Mid-Senior level,"['Communication', 'Sales']",2,dictionary
3900947818,"Sous Chef, Holiday Inn West Yellowstone",Delaware North,"West Yellowstone, MT",Full-time,Associate,"['Communication', 'Excel', 'Leadership', 'Sales']",4,dictionary
3889414951,Data Analyst Supporting the FBI with Security Clearance,ClearanceJobs,"Linthicum, MD",Full-time,Entry level,"['Communication', 'Customer Service', 'Excel', 'Microsoft Office']",4,dictionary
3888818493,In-House Attorney - Insurance Defense - Hybrid Remote,Lexitas Legal Talent Outsourcing,Detroit Metropolitan Area,Full-time,Associate,[],0,dictionary
3904503449,Medical Receptionist,Russell Tobin,"Columbia, MD",Contract,Entry level,['Microsoft Office'],1,dictionary
3885855266,"Hospital Director - Pearl City, HI",VCA Animal Hospitals,"Pearl City, HI",Full-time,Director,"['Leadership', 'Marketing', 'Sales']",3,dictionary
3904424366,Volunteer: Live in Mesquite NV? Vitalant Needs Volunteers!,VolunteerMatch,"Mesquite, NV",Volunteer,Associate,[],0,dictionary
3891268177,Machine Operator B (Sort Line),Republic Services,"Las Vegas, NV",Full-time,,[],0,dictionary
3901393274,Director of Development and Programs,Workshops Empowerment Inc.,"Birmingham, AL",Contract,,"['Communication', 'Leadership', 'Microsoft Office']",3,dictionary
3889282155,Digital Embellishment Sales Specialist,Konica Minolta Business Solutions Canada,Greater Phoenix Area,Full-time,Entry level,"['Customer Service', 'Marketing', 'Sales']",3,dictionary
3905645184,General Manager,QSR Recruiting,Iowa City-Cedar Rapids Area,Full-time,,"['Deep Learning', 'Leadership']",2,dictionary
3905849770,Mill Operator Trainee,Contech Engineered Solutions,"Schulenburg, TX",Full-time,Internship,[],0,dictionary
3906072866,Creative Art Director,Sulzer Creative Agency,Greater Tampa Bay Area,Full-time,,"['Communication', 'Leadership']",2,dictionary
3901941609,TRANSPORTATION PLANNING INTERN,Park City Municipal Corporation,"Park City, UT",Part-time,,"['Adobe Illustrator', 'Adobe Photoshop', 'Customer Service', 'Marketing', 'Microsoft Office']",5,dictionary
3901978909,"Medical Receptionist - Corpus Christi Family Medicine (CCFM) - Corpus Christi, TX",Alpine Physician Partners,Greater Corpus Christi Area,Full-time,Entry level,"['Communication', 'Customer Service']",2,dictionary
3905298473,Director of Nursing,VitalCore Health Strategies,Greater Idaho Falls,Full-time,Director,['Leadership'],1,dictionary
3900082233,Plant Manager,Martin Marietta,"Granite Canyon, WY",Full-time,Mid-Senior level,"['Communication', 'Customer Service', 'Excel', 'Leadership', 'Microsoft Office', 'Sales']",6,dictionary
3904725537,Lab Technician 2 (Temporary),Pace® Labs,"Beaver, WV",Temporary,Entry level,['Customer Service'],1,dictionary
3905236713,QC Microbiologist,Proclinical Staffing,"Rockville, MD",Contract,Mid-Senior level,['Communication'],1,dictionary
3902861326,Intern - Concepts Formulation Engineer,General Atomics,"San Diego, CA",Full-time,Internship,[],0,dictionary
3898173243,Accounting Manager,LHH,Greater Chicago Area,Full-time,Director,['Leadership'],1,dictionary
3902847236,Environmental Health and Safety Manager,Clark Pacific,Greater Sacramento,Full-time,Mid-Senior level,['Leadership'],1,dictionary
3898156721,Mainframe Developer,RAPS Consulting Inc,"Clemson, SC",Contract,,['Communication'],1,dictionary
3904390214,"VP, Global Engineering",Barry-Wehmiller,"Mediapolis, IA",Full-time,Executive,"['Communication', 'Leadership', 'Marketing', 'R', 'Sales']",5,dictionary
3904957406,Special Procedures Technician | Radiology (R) - Contract - Days,HealthTrust Workforce Solutions,"Las Vegas, NV",Contract,Entry level,['Leadership'],1,dictionary
3903889097,MDR Developer,Siemens Energy,Greater San Luis Obispo Area,Full-time,Associate,"['AWS', 'Docker', 'R']",3,dictionary
3901954041,Pharmacy Technician (Trainee),Insight Global,"Albany, New York Metropolitan Area",Contract,Entry level,['Customer Service'],1,dictionary
3899520176,Customer Service/Data Entry,"Cira Tek, Inc","Parma, OH",Contract,,[],0,dictionary
3885865931,Part-time On Call Field Service Technician,Energy Jobline,United States,Part-time,,"['Communication', 'Customer Service', 'Data Science']",3,dictionary
3902366578,Data Governance and Privacy Implementation Specialist,Proliance Consulting,"Seattle, WA",Contract,,"['Azure', 'Communication', 'Marketing']",3,dictionary
3905290813,MENTAL HEALTH THERAPIST I (OLOP),UofL Health,"Louisville, KY",Temporary,Entry level,['Customer Service'],1,dictionary
3904405830,Medical Director,Theoria Medical,"Lees Summit, MO",Part-time,Director,['Leadership'],1,dictionary
3891250146,Collector- Testing Technician,Workplace Safety Screenings ,Greater Houston,Full-time,,"['Customer Service', 'Excel', 'Microsoft Office']",3,dictionary
3901994242,Deposit Processor,Forge,Denver Metropolitan Area,Full-time,Associate,['Communication'],1,dictionary
3901692375,"Senior Director, Digital Strategy",Moore,"Lanham, MD",Temporary,Director,"['Communication', 'Excel', 'Leadership', 'Marketing']",4,dictionary
3906230606,Test Engineer,Prolec Energy,Greater Goldsboro Area,Full-time,Associate,[],0,dictionary
3906249530,Diesel Mechanic- Forestry Field Technician - Sign-on Bonus Available!,Titan Machinery,Greater Grand Junction Area,Full-time,Entry level,[],0,dictionary
3884432630,Associate Communications Specialist - Transit Control Center,Metropolitan Council of the Twin Cities,"Minneapolis, MN",Full-time,Associate,['Communication'],1,dictionary
3906247866,Store Driver,Advance Auto Parts,"Brodheadsville, PA",Part-time,Entry level,"['Communication', 'R', 'Sales']",3,dictionary
3888033313,Real Estate Agent,Manna Homes,Greater Tampa Bay Area,Full-time,,"['Communication', 'Customer Service', 'Sales']",3,dictionary
3886460869,Clinical Lab Scientist,Trinity Health,"Boise, ID",Part-time,Mid-Senior level,[],0,dictionary
3884430726,"Sr. Director, Media Communications Planning",Quigley-Simpson,Los Angeles Metropolitan Area,Full-time,Director,"['Communication', 'Leadership', 'Marketing']",3,dictionary
3906253076,Business Operations Manager,Alchemy,San Francisco Bay Area,Full-time,Mid-Senior level,"['Leadership', 'SQL']",2,dictionary
3904503851,Administrative Assistant,Innova Solutions,"Plainsboro, NJ",Contract,Entry level,"['AWS', 'Communication', 'Customer Service', 'Leadership', 'Microsoft Office']",5,dictionary
3906229923,"Senior Scientist, Boston Discovery Chemistry",Merck,"Boston, MA",Full-time,Associate,"['Communication', 'R']",2,dictionary
3901167315,Sales Coordinator,Addison Group,"Vernon Hills, IL",Other,Entry level,"['Communication', 'Excel', 'Marketing', 'Microsoft Office', 'Sales', 'Tableau']",6,dictionary
3901955325,Line Cook-Bubba Gump,Golden Nugget Las Vegas,"Laughlin, NV",Full-time,,[],0,dictionary
3901963450,"VP, AI Engineering (SW-HW)",SBT,San Francisco Bay Area,Full-time,Executive,"['Deep Learning', 'Leadership', 'Machine Learning']",3,dictionary
3904390318,"Travel - MS/Tele - Nurse Job - $2,573/wk - $2,762/wk",Aya Healthcare,"Tuscaloosa, AL",Contract,Entry level,[],0,dictionary
3888825160,Phone Operator,"LanceSoft, Inc.","Springfield, Massachusetts Metropolitan Area",Contract,,"['Communication', 'Customer Service']",2,dictionary
3884822313,CARE Contract Manager,Ingersoll Rand,"Davidson, NC",Contract,Mid-Senior level,"['Communication', 'Excel', 'Marketing', 'Project Management', 'Sales']",5,dictionary
3901358031,Data Analyst,DataAnnotation,Salt Lake City Metropolitan Area,Contract,,"['C#', 'C++', 'HTML', 'JavaScript', 'Python', 'SQL']",6,dictionary
3905262480,Mammography Technologist,eTeam,"Atlanta, GA",Contract,Mid-Senior level,['Communication'],1,dictionary
3887856942,Executive Director - Bridgeport Y,The Y (YMCA),"New Haven, CT",Full-time,Executive,"['Communication', 'Customer Service', 'Leadership', 'Marketing', 'Project Management']",5,dictionary
3903443566,SVP Thriving Communities Grantmaker Project,Green & Healthy Homes Initiative,Washington DC-Baltimore Area,Full-time,Executive,"['Communication', 'Excel', 'Microsoft Office']",3,dictionary
3902753986,Summer Camp Supervisor,Life Time Inc.,"Vestavia Hills, AL",Part-time,Mid-Senior level,[],0,dictionary
3901950646,Sales Account Manager,American Fidelity Sales Careers,Greater Savannah Area,Full-time,Entry level,['Sales'],1,dictionary
3905378473,Shift Supervisor (Full-Time),AutoZone,"Chattanooga, TN",Full-time,,"['Communication', 'Customer Service', 'Sales']",3,dictionary
3904713711,Supervisor (Part Time),Levi Strauss & Co.,"Scottsdale, AZ",Part-time,,"['Leadership', 'Sales']",2,dictionary
3902862905,Wealth Management Client Associate,Bank of America,"Northbrook, IL",Temporary,Entry level,[],0,dictionary
3898162081,Regional Controller,HireBetter,"Austin, Texas Metropolitan Area",Full-time,Director,"['Communication', 'Excel', 'Microsoft Office', 'Sales']",4,dictionary
3906257139,"Intern, Family Services - Gilbert AZ",The Church of Jesus Christ of Latter-day Saints,"Gilbert, AZ",Part-time,Internship,"['Communication', 'Customer Service']",2,dictionary
3905373212,HVAC Lab Test Technician (3rd Shift),Johnson Controls,"Wichita, KS",Full-time,Entry level,[],0,dictionary
3885805886,Certified Nursing Assistant (CNA),Ciena Healthcare,"West Bloomfield Township, MI",Part-time,Entry level,['Communication'],1,dictionary
3902939769,Financial Controller,Randstad USA,"Chicago, IL",Temporary,Associate,['Communication'],1,dictionary
3887869979,Volunteer: Secretary needed for Board of Directors seeks positive change-makers & do-gooders!,VolunteerMatch,"New York, NY",Volunteer,Associate,[],0,dictionary
3900977317,Technical Product Owner,,"Phoenix, AZ",Contract,Mid-Senior level,"['AWS', 'Azure', 'SQL']",3,dictionary
3884847279,"J.P. Morgan Wealth Management - Private Client Advisor - Tulsa, OK",JPMorgan Chase & Co.,"Tulsa, OK",Full-time,,"['Customer Service', 'Leadership', 'Sales']",3,dictionary
3899517234,Operations Manager,Production Transport,Las Vegas Metropolitan Area,Full-time,,"['Communication', 'Excel', 'Sales']",3,dictionary
3903824418,Senior IT Auditor,ISO New England Inc.,"Springfield, Massachusetts Metropolitan Area",Full-time,Mid-Senior level,"['Communication', 'Docker', 'Java', 'JavaScript', 'Microsoft Office', 'Project Management', 'Python']",7,dictionary
3905328456,Sales Trainee Resi,Terminix,"Burlington, VT",Full-time,Internship,"['Communication', 'Customer Service', 'Sales']",3,dictionary
3904076546,Sales Representative,UScellular,Greater Wilmington Area,Full-time,Entry level,['Sales'],1,dictionary
3901355478,Internal Audit Intern,STERIS,"Mentor, OH",Full-time,Internship,"['Communication', 'Excel', 'Leadership', 'Microsoft Office', 'Power BI', 'Tableau']",6,dictionary
3888967438,Part Time Sales (16 and 17 Years Old),AutoZone,"McComb, MS",Part-time,,"['Communication', 'Customer Service', 'Sales']",3,dictionary
3902746696,Clinical Nurse Inpatient Surgical,BJC HealthCare,"Belleville, IL",Part-time,,"['Communication', 'Leadership']",2,dictionary
3906261733,Phlebotomist,Synectics Inc.,Bowling Green Metropolitan Area,Contract,Entry level,"['Customer Service', 'Leadership']",2,dictionary
3902883147,Project Estimator/Manager,Knife River Corporation,"Williston, ND",Full-time,,[],0,dictionary
3884435804,Customer Service Representative,"Magellan Financial & Insurance Services, Inc.",Erie-Meadville Area,Full-time,,[],0,dictionary
3887707772,Director of Sales ,Schulte Hospitality Group,"Birmingham, AL",Full-time,Director,"['Communication', 'Excel', 'Leadership', 'Marketing', 'Microsoft Office', 'Sales']",6,dictionary
3904409496,Mortgage Loan Officer,Precision Home Loans,Greater Sacramento,Full-time,,"['Communication', 'Customer Service']",2,dictionary
3902861947,Seasonal Sales Associate,Jos. A. Bank Clothiers,"Mount Pleasant, SC",Temporary,,['Sales'],1,dictionary
3888978082,Geotechnical Engineer/Project Manager,gpac,Greater Phoenix Area,Full-time,Entry level,"['Communication', 'Marketing']",2,dictionary
3903432586,MDS Specialist - Part-Time 1st Shift,"North Shore Healthcare, LLC","Green Bay, WI",Part-time,Executive,[],0,dictionary
3887498295,Technician Apprentice Program - Body Apprentice,Caliber Collision,"Independence, MO",Internship,Internship,[],0,dictionary
3903882072,Retail Merchandiser - Electronics - Part Time,ActionLink,"Newark, DE",Part-time,Entry level,"['Communication', 'Marketing']",2,dictionary
3887913133,Surgical Technologist,North Memorial Health,Greater Minneapolis-St. Paul Area,Full-time,Mid-Senior level,"['Communication', 'Customer Service']",2,dictionary
3904561792,Gas Operations Supervisor,GDKN,"Marshfield, MA",Contract,Mid-Senior level,"['Communication', 'Excel', 'Microsoft Office']",3,dictionary
3903479185,Senior Software Engineer,Akkodis,Los Angeles Metropolitan Area,Contract,Mid-Senior level,"['AWS', 'Java', 'Python', 'Spark']",4,dictionary
3894273962,Sales Engineer Intern,Swisslog,"Newport News, VA",Internship,Internship,"['Communication', 'Excel', 'Sales']",3,dictionary
3901671876,Support Associate - Full Time,Belk,Greater Goldsboro Area,Full-time,Entry level,"['Communication', 'Customer Service', 'Sales']",3,dictionary
3901964480,Youth Program Intern,Filipino Community of Seattle,"Seattle, WA",Internship,,"['Communication', 'Leadership', 'Microsoft Office']",3,dictionary
3905627302,Travel Allied Health Professional - Interventional Radiology Technologist,LRS Healthcare,"San Diego, CA",Temporary,Mid-Senior level,['Computer Vision'],1,dictionary
3901984739,GIS Engineer,Experis,"Castle Rock, CO",Contract,Entry level,"['JavaScript', 'Python']",2,dictionary
3903848112,Family Wellness Assistant - AmeriCorps Member,Community Health Center,"New Britain, CT",Part-time,Entry level,"['Marketing', 'Microsoft Office']",2,dictionary
3904095098,Process Quality Engineer,"Summit Technology Services, Inc.","Houston, TX",Contract,Associate,"['Communication', 'Leadership', 'Microsoft Office']",3,dictionary
3891024016,2nd shift Utility Worker,The Reserves Network,"Cleveland, OH",Contract,Entry level,[],0,dictionary
3890899445,Microbiology Lab Technician ,Astrix,"Columbus, Ohio Metropolitan Area",Contract,Entry level,"['Communication', 'Leadership']",2,dictionary
3904428275,Lead Administrative Assistant - Personnel Support,Compass Connections,"San Antonio, Texas Metropolitan Area",Full-time,Entry level,[],0,dictionary
3886896215,Quality Engineer,DSJ Global,Greater Seattle Area,Full-time,Mid-Senior level,['Communication'],1,dictionary
3888803720,Director of Quality,Perpetual:,Greater Tampa Bay Area,Full-time,Director,[],0,dictionary
3902851190,Project Aware Coordinator,MPHI,Greater Lansing,Full-time,Entry level,"['Communication', 'Project Management']",2,dictionary
3891288163,Front Door Asset Protection Part Time,BJ's Wholesale Club,"Madison, AL",Part-time,,['Customer Service'],1,dictionary
3905634338,Security Officer 1st Shift $17,DK Security,"Grand Rapids, MI",Part-time,Entry level,['Customer Service'],1,dictionary
3888938934,Warehouse Person (Loader) - Nitro (FT/Eve),PepsiCo,"Nitro, WV",Full-time,,[],0,dictionary
3902786150,"Seasonal (May-September), Part Time Orders Specialist - Woburn MA",TeachTown,"Woburn, MA",Temporary,,"['Communication', 'Machine Learning', 'Sales']",3,dictionary
3902866494,Construction Contracts Manager,NXG,Greater Phoenix Area,Full-time,Mid-Senior level,[],0,dictionary
3884438595,Regulatory Affairs & Quality Assurance Lead,TriArm Therapeutics,San Francisco Bay Area,Full-time,,"['Communication', 'Leadership', 'Project Management', 'R']",4,dictionary
3905378275,Clinical Support Associate - Emergency Department,Children's Minnesota,"St Paul, MN",Part-time,Entry level,"['Communication', 'Customer Service']",2,dictionary
3895805689,"Radiologic Technologist II - PT, Evenings (32 hours/week) - Loan Assistance",Mercy,"Springfield, MO",Temporary,Mid-Senior level,[],0,dictionary
3905823931,Executive Assistant,"Berean Group International, Inc.",Raleigh-Durham-Chapel Hill Area,Contract,Associate,['Leadership'],1,dictionary
3901946099,Compensation Manager,Duly Health and Care,"Downers Grove, IL",Full-time,,"['Excel', 'Microsoft Office']",2,dictionary
3898161467,Litigation Associate - Construction ,Robert Half,Denver Metropolitan Area,Full-time,Associate,[],0,dictionary
3900035803,Operations Manager,"Geotemps, Inc. / Geopros, Inc.","Reno, NV",Full-time,Director,"['Communication', 'Leadership', 'Sales']",3,dictionary
3904398486,Member Service Representative (Full-Time) - Gambrills,Navy Federal Credit Union,"Gambrills, MD",Other,Entry level,"['Communication', 'Customer Service']",2,dictionary
3884939995,Vice President of Accounting & Finance - Early-Stage/PE-Owned Industrial Services,Hoxton Circle,"Denver, CO",Full-time,Director,[],0,dictionary
3906094144,Senior Contract Specialist,"Pyramid Consulting, Inc","Tempe, AZ",Contract,,"['Leadership', 'Project Management']",2,dictionary
3902833683,TIG Welder,Leddy Group,"Portsmouth, NH",Full-time,Associate,['Customer Service'],1,dictionary
3888010713,Delivery Driver (Part-Time),AutoZone,"Hackensack, NJ",Part-time,,"['Communication', 'Customer Service']",2,dictionary
3898164492,General Manager,"Dollar Tree Distribution, Inc.","Warrensburg, MO",Full-time,Director,"['Communication', 'Customer Service', 'Excel', 'Leadership', 'Microsoft Office']",5,dictionary
3904390822,Residential Sales Manager,Rentokil Pest Control North America,Gainesville Metropolitan Area,Full-time,Mid-Senior level,"['Communication', 'Leadership', 'Marketing', 'Sales']",4,dictionary
3904987826,Product Manager - Workers' Compensation (Mid to Large Accounts),Emergent Holdings,Detroit Metropolitan Area,Full-time,Entry level,"['Communication', 'Leadership']",2,dictionary
3903869469,"Board Certified Behavior Analyst BCBA ($1000 Sign on Bonus)- Prosper, Frisco & Plano, TX","The Behavior Exchange, Inc.",Dallas-Fort Worth Metroplex,Full-time,Executive,['Leadership'],1,dictionary
3902801440,Peoplesoft Financial Consultant,RICEFW Technologies Inc,"Clemson, SC",Part-time,Mid-Senior level,['Communication'],1,dictionary
3801646969,Project Manager,PAP Consulting Services,"Metro Detroit, MI",Contract,,"['Communication', 'Leadership', 'Project Management']",3,dictionary
3894675643,Host/Hostess,Barcadia Bar & Grill,"New Orleans, LA",Part-time,Mid-Senior level,"['Customer Service', 'Sales']",2,dictionary
3888977338,Part Time Sales (16 and 17 Years Old),AutoZone,"Horn Lake, MS",Part-time,,"['Communication', 'Customer Service', 'Sales']",3,dictionary
3901981181,Director of Construction Operations,"Southwest Accounting Resources, Inc",Greater Flagstaff Area,Full-time,,"['Communication', 'Leadership', 'Project Management']",3,dictionary
3901951218,Banquet/Catering House-Person (part-time) - One World Observatory,Legends,"New York, NY",Part-time,Entry level,['Sales'],1,dictionary
3906261466,Sheet Metal Worker,MEC2:  Mechanical Engineering & Construction Corp,"Baltimore City County, MD",Full-time,,[],0,dictionary
3904729286,Lead Sales Associate,Leslie's,"Las Vegas, NV",Part-time,Mid-Senior level,"['Communication', 'Customer Service', 'Sales']",3,dictionary
3901950251,Senior Payroll Accountant,Focus Search LLC,Greater Eugene-Springfield Area,Full-time,Mid-Senior level,[],0,dictionary
3904940530,Informatica PowerCenter Developer,Rose International,"Austin, TX",Temporary,Mid-Senior level,"['AWS', 'Azure', 'Power BI', 'Python', 'SQL', 'Tableau']",6,dictionary
3904363481,Fund Controller (Part-Time) - 24310,"Daley And Associates, LLC.","New York, NY",Contract,Director,"['Communication', 'Excel']",2,dictionary
3904987754,Collections Representative- Remote Central USA,PSCU,Greater Morgantown Area,Full-time,,"['Customer Service', 'Leadership']",2,dictionary
3902319517,General Manager (Commercial Property Management) (140753rxv_76_2),Atrium,"Providence, RI",Full-time,Executive,"['Communication', 'Customer Service', 'Leadership', 'Sales']",4,dictionary
3905325906,Internal Audit Manager,Janus Henderson Investors,"Denver, CO",Internship,Mid-Senior level,['Leadership'],1,dictionary
3906099212,Cyber Security Project Manager,Maddisoft,"Houston, TX",Contract,Entry level,"['Communication', 'Excel', 'Microsoft Office', 'Power BI', 'Project Management']",5,dictionary
3900974968,Recovery Resource Navigator (Part time),McKenzie Valley Long-Term Recovery Group,"Springfield, OR",Part-time,,"['Communication', 'Microsoft Office', 'Project Management']",3,dictionary
3905841567,Registered Medication Aide & CNA,"Westminster Canterbury Lynchburg, Inc.",Greater Lynchburg Area,Full-time,Entry level,[],0,dictionary
3900947540,Laundry Assistant,Life Care Centers of America,"Littleton, CO",Full-time,Entry level,['Customer Service'],1,dictionary
3898155536,Strength And Conditioning Intern,Empowers Performance,"Edina, MN",Internship,,[],0,dictionary
3901356607,Oracle Cloud ERP SaaS Technical Architect,HYR Global Source Inc,"Jacksonville, FL",Contract,Director,"['Communication', 'Leadership']",2,dictionary
3904415214,Senior Supplier Quality Engineer,ZOLL Medical Corporation,"Pawtucket, RI",Full-time,Mid-Senior level,"['Communication', 'Customer Service', 'Excel', 'Leadership', 'Microsoft Office']",5,dictionary
3885869341,Machine Operator - Part Time,Energy Jobline,"Omaha, NE",Part-time,Entry level,[],0,dictionary
3905851685,Store Manager,Torrid,Greater Roanoke Area,Full-time,Mid-Senior level,"['Communication', 'Sales']",2,dictionary
3905802614,Delivery Driver - Earn Extra Cash,SimplyApply,"Waterloo, IA",Full-time,Entry level,[],0,dictionary
3898173601,Vice President of Development,NSG - Real Estate & Construction (Noor Staffing Group),"Austin, Texas Metropolitan Area",Full-time,Executive,"['Communication', 'Leadership']",2,dictionary
3905238072,Social Media Marketing Intern,Saturday Night Network,United States,Part-time,,"['Excel', 'Marketing']",2,dictionary
3905335939,Construction Engineer Intern,GHD,"Phoenix, AZ",Internship,Internship,"['Communication', 'Microsoft Office', 'Project Management']",3,dictionary
3895597603,Store Driver,Advance Auto Parts,Greater Phoenix Area,Part-time,Entry level,"['Communication', 'R', 'Sales']",3,dictionary
3904974377,Account Manager - Fully Remote - Northeast or Midwest Territory,LANXESS,"Shelton, CT",Full-time,Associate,"['Communication', 'Marketing', 'Sales']",3,dictionary
3900963240,Clinic - Nurse Practitioner- Wound Clinic,St. Mary's Medical Center,"Blue Springs, MO",Other,Mid-Senior level,[],0,dictionary
3885810120,Head of Risk Management Sales & Services,Pacific Advisors,"Phoenix, AZ",Full-time,Director,"['Communication', 'Leadership', 'Marketing', 'Microsoft Office', 'Sales']",5,dictionary
3905327735,Retail Sales Associate,Harbor Freight Tools,"Dahlonega, GA",Part-time,Entry level,['Sales'],1,dictionary
3899522584,DRE - Fuel Tank/FDM,Zobility,"Auburn Hills, MI",Contract,Associate,"['Communication', 'Leadership', 'R']",3,dictionary
3901351967,Assistant Store Manager - Chico's,"Chico's FAS, Inc.","Bend, OR",Full-time,Entry level,"['Communication', 'Customer Service', 'Leadership', 'Sales']",4,dictionary
3903818909,"Multimedia Journalist, KSBY",KSBY,Greater San Luis Obispo Area,Full-time,Entry level,[],0,dictionary
3902866321,Hydrogen Systems Engineer,Scion Staffing,"Boulder, CO",Temporary,Entry level,"['Excel', 'Leadership', 'Project Management']",3,dictionary
3906096660,Bookkeeper,Ascendo Resources,"Miami, FL",Part-time,Associate,[],0,dictionary
3901644398,Director of Accounting,ThedaCare,Appleton-Oshkosh-Neenah Area,Full-time,Director,"['Customer Service', 'Leadership']",2,dictionary
3888976415,Associate Dentist,gpac,"Farmington, NM",Full-time,Entry level,['Leadership'],1,dictionary
3898178767,Program Manager,"Centizen, Inc.","Beaverton, OR",Contract,Mid-Senior level,"['Communication', 'Project Management']",2,dictionary
3901460539,Product Manager,Five Star Recruiting and Staffing,Charlotte Metro,Full-time,Mid-Senior level,"['Communication', 'Customer Service', 'Excel', 'Marketing', 'Microsoft Office', 'Sales']",6,dictionary
3894973993,Senior Account Executive,Armstrong Transport Group,"Chicago, IL",Full-time,Mid-Senior level,"['Communication', 'Sales']",2,dictionary
3894866817,Budget Specialist I,Commonwealth of Kentucky,"Frankfort, KY",Contract,Entry level,"['Communication', 'Excel']",2,dictionary
3894870221,Chief Nursing Officer | Las Vegas LTACH,PAM Health Specialty Hospital of Las Vegas,"Las Vegas, NV",Full-time,Executive,"['Customer Service', 'Leadership']",2,dictionary
3895565733,Production Team Partner - Garment Inspector & Hanger - UniFirst,UniFirst Corporation,"Mesquite, TX",Full-time,Mid-Senior level,[],0,dictionary
3903820483,Breakfast only Healthcare Server- Part Time- Mornings,RiverWoods,"Exeter, NH",Part-time,Mid-Senior level,['Customer Service'],1,dictionary
3891004179,Control Engineer,Enscicon Corporation,Buffalo-Niagara Falls Area,Full-time,Entry level,[],0,dictionary
3902828528,Automation Engineer,Intellectt Inc,"Elkhart, IN",Contract,Mid-Senior level,"['Communication', 'Project Management', 'Sales']",3,dictionary
3894296726,Research Intern (GTRI-CIPHER),Georgia Institute of Technology,"Atlanta, GA",Full-time,Internship,[],0,dictionary
3891078191,People Experience Expert Level II,SKF Group,"Falconer, NY",Temporary,Mid-Senior level,"['Communication', 'Leadership', 'Sales']",3,dictionary
3903477575,Electrical Systems Design Engineer,Telios Corporation,Kansas City Metropolitan Area,Full-time,Entry level,[],0,dictionary
3902351259,Administrative Assistant,Vaco,"Union, NJ",Full-time,Entry level,"['Communication', 'Microsoft Office']",2,dictionary
3891083055,Senior Project Manager,"Frontier Executive Search, LLC",Kansas City Metropolitan Area,Full-time,Mid-Senior level,[],0,dictionary
3903461903,Replacement Windows & Doors Installer - 1099 Sub-Contractor,Marvin,"Queens, NY",Contract,Entry level,"['Communication', 'Sales']",2,dictionary
3901376440,Bilingual Sales Representative,"Key Insurance of Pensacola, Inc.",Pensacola Metropolitan Area,Full-time,,"['Customer Service', 'Sales']",2,dictionary
3864575201,Senior Materials Manager,Whitaker Technical,Little Rock Metropolitan Area,Full-time,Mid-Senior level,"['Communication', 'Excel']",2,dictionary
3888029791,Social Media & Digital Marketing Specialist,Yo!LGBTRaps,Atlanta Metropolitan Area,Other,,"['Communication', 'Marketing']",2,dictionary
3895210220,Production / Maintenance Supervisor,NDX Human Capital Solutions,"Kansas City, MO",Contract,Associate,"['Communication', 'Excel']",2,dictionary
3885108814,Life Health Insurance Agent,VDart,United States,Contract,,"['Communication', 'Customer Service', 'Excel', 'Marketing', 'Sales']",5,dictionary
3898167031,Physical Therapist,Greenlife Healthcare Staffing,"Poughkeepsie, NY",Part-time,Associate,['Computer Vision'],1,dictionary
3904072448,Housing Counselor P\/T,Community Access,"Manhattan, NY",Part-time,Mid-Senior level,"['Customer Service', 'Microsoft Office']",2,dictionary
3903466947,NDT Assistant/Apprentice,"TEAM, Inc.","Huntington, WV",Full-time,Internship,['Communication'],1,dictionary
3894608188,Speech Language Pathologist Home Health Per Diem,CenterWell Home Health,"Indianapolis, IN",Part-time,,"['Communication', 'Leadership']",2,dictionary
3887872746,"Director, Content Operations",SEPHORA,Los Angeles Metropolitan Area,Full-time,Director,"['Communication', 'Leadership', 'Marketing', 'Project Management']",4,dictionary
3895593856,School Cafeteria Aide,Hope,"Edwardsville, KS",Full-time,Entry level,['Communication'],1,dictionary
3903825677,"$$CNAs Needed in Alexandria, VA$$",Maxim Healthcare Staffing,"Alexandria, VA",Full-time,,['Communication'],1,dictionary
3894553589,"VP, Finance and Investor Relations ",Byron Search Partners,"Denver, CO",Full-time,Executive,[],0,dictionary
3905656063,Volunteer: Horse Care Barn Volunteers Spring/Summer Months,VolunteerMatch,"Three Bridges, NJ",Volunteer,Associate,[],0,dictionary
3901353194,Account Manager,ThreatLocker,Greater Orlando,Full-time,Mid-Senior level,"['Communication', 'Excel', 'Marketing', 'Project Management', 'Sales']",5,dictionary
3904502944,Cloud Architect,Infosys,Greater Indianapolis,Full-time,Associate,"['Azure', 'Communication', 'Customer Service', 'SQL']",4,dictionary
3894552443,Recruiter,Century Group,"Englewood, CO",Temporary,Mid-Senior level,"['Communication', 'Customer Service', 'Excel', 'Microsoft Office']",4,dictionary
3898181050,Professional Liability Leader ,Futuristic Underwriters,Dallas-Fort Worth Metroplex,Full-time,Director,[],0,dictionary
3905858584,Digital Marketing Manager,,Grand Rapids Metropolitan Area,Full-time,,"['Communication', 'Marketing', 'Sales']",3,dictionary
3905267092,Customer Account Analyst ,CSL,"Summit, NJ",Full-time,Associate,"['Communication', 'Excel', 'Marketing', 'Sales']",4,dictionary
3901960678,Registered Private Wealth Management Client Associate,Bank of America,"Bloomfield Hills, MI",Temporary,Entry level,"['Communication', 'Excel']",2,dictionary
3887856595,Med-Surg Registered Nurse,MedPro Healthcare Staffing,"St Johnsbury, VT",Contract,,[],0,dictionary
3901377386,Business Solutions Manager-Sales & Recruiting,Roth Staffing,Greater Orlando,Full-time,Associate,"['Communication', 'Customer Service', 'Sales']",3,dictionary
3902940508,Online Paid Conversation: City Insights Wichita,Questo,"Wichita, KS",Temporary,,[],0,dictionary
3905388973,Volunteer Virtual Classroom Speaker (Career Day - Performing Arts),Pathful Inc.,United States,Volunteer,Mid-Senior level,[],0,dictionary
3899528291,Traffic Manager,CourtAvenue,Cincinnati Metropolitan Area,Full-time,,"['Excel', 'Microsoft Office', 'Project Management']",3,dictionary
3902817054,Chief Transformation Officer ,The Judge Group,"Frankfort, KY",Full-time,Executive,['Marketing'],1,dictionary
3886855373,RN UP - Neuro Med/Surg - 8C,CareTeam Solutions,"Peoria, IL",Contract,Mid-Senior level,['Customer Service'],1,dictionary
3898170505,Transportation Specialist,Innova Solutions,"Highland Park, NJ",Contract,Entry level,['AWS'],1,dictionary
3906262655,Human Resources Coordinator,Vertisystem,"Greer, SC",Contract,Associate,"['Communication', 'Customer Service']",2,dictionary
3904425023,Store Fulfillment Associate - Part Time - SouthPark Mall,Belk,"Charlotte, NC",Part-time,Entry level,[],0,dictionary
3887469700,Support Lead Part Time,Five Below,"Plainville, CT",Part-time,Mid-Senior level,"['Communication', 'Customer Service', 'Leadership', 'Sales']",4,dictionary
3894402104,IT Support Intern,Marine Credit Union,La Crosse-Onalaska Area,Full-time,Internship,"['Azure', 'Customer Service']",2,dictionary
3902843868,Dietary Aide,Life Care Centers of America,"Cheyenne, WY",Full-time,Entry level,['Customer Service'],1,dictionary
3902842504,Board Member,Grace Animal Rehabilitation Center Inc. ,"Sapulpa, OK",Internship,,"['Communication', 'Marketing']",2,dictionary
3905882955,Speech Language Pathologist (PRN),THE MEDICAL TEAM,"Reston, VA",Other,,['Communication'],1,dictionary
3903821729,Energy Market Design Analyst,ISO New England Inc.,"Springfield, Massachusetts Metropolitan Area",Full-time,Mid-Senior level,"['Excel', 'R', 'SQL']",3,dictionary
3895527568,Medical Office Scheduler Float- Southern Hills,The US Oncology Network,Las Vegas Metropolitan Area,Full-time,Entry level,"['Excel', 'Microsoft Office']",2,dictionary
3903484013,Retail Management Intern,JobBridge,"Illinois, United States",Internship,,"['Leadership', 'Sales']",2,dictionary
3905858959,Service Experience Designer,ELEKS,United States,Full-time,Mid-Senior level,"['Leadership', 'R', 'Sales']",3,dictionary
3898160134,Truck Driver (Part Time) - Class A CDL,The Job Network,"Hazelton, ID",Part-time,,['Leadership'],1,dictionary
3884440251,High-End East Bank Club Seeks Talented Demi Chef!,HRC International,"Chicago, IL",Temporary,Entry level,[],0,dictionary
3903495845,Seasonal Sales Associate,Tillys,"Algonquin, IL",Temporary,Entry level,['Sales'],1,dictionary
3904384227,Structural Project Engineer - Advanced Technology,Barry-Wehmiller Design Group,San Francisco Bay Area,Full-time,Associate,"['Communication', 'Excel', 'Microsoft Office']",3,dictionary
3905371723,Endoscopy Technician,Banner Health,"Tucson, AZ",Full-time,Entry level,['Communication'],1,dictionary
3885836355,Physical Therapist PRN,MountainView Hospital,"Las Vegas, NV",Part-time,Entry level,[],0,dictionary
3901961572,Cook,Coshocton Regional Medical Center,"Coshocton, OH",Other,Entry level,[],0,dictionary
3894626108,CDL Driver,Brink’s Inc,Los Angeles Metropolitan Area,Full-time,Entry level,['Communication'],1,dictionary
3889260857,In-House Counsel,DSD Recruitment,"California, United States",Volunteer,Entry level,['Communication'],1,dictionary
3885103252,Secret Shopper ,Growth From Knowledge,United States,Part-time,Internship,"['Customer Service', 'Microsoft Office']",2,dictionary
3900070442,Salesforce QA,Synechron,"Charlotte, NC",Contract,Mid-Senior level,[],0,dictionary
3906260270,Pest Control Technician,Rentokil Pest Control North America,Oklahoma City Metropolitan Area,Full-time,Entry level,"['Communication', 'Sales']",2,dictionary
3895828898,Digital Marketing Intern,PING,"Phoenix, AZ",Full-time,Internship,['Marketing'],1,dictionary
3904935234,Volunteer: Next.js Developer (Full Stack),VolunteerMatch,"Redan, GA",Volunteer,Associate,"['Communication', 'Git', 'JavaScript', 'React', 'SQL', 'TypeScript']",6,dictionary
3904991722,Registered Nurse Med Surg Per Diem Days,St. Mary's Medical Center,"West Palm Beach, FL",Temporary,Associate,[],0,dictionary
3906230661,"Property Claims Specialist - Homeowners (hybrid; New Hartford, NY)",Utica National Insurance Group,Utica-Rome Area,Full-time,Entry level,"['Communication', 'Microsoft Office']",2,dictionary
3898174649,Accounting Coordinator,Experis,"Rosedale, MD",Contract,Entry level,['Sales'],1,dictionary
3886896346,Product Designer,Insight Global,"Basking Ridge, NJ",Contract,Associate,['Communication'],1,dictionary
3905397457,Legal IP Assistant,Lewis Roca,Los Angeles Metropolitan Area,Contract,Entry level,['Communication'],1,dictionary
3898165091,Cost Analyst,IsoTalent,Salt Lake City Metropolitan Area,Contract,Mid-Senior level,[],0,dictionary
3884436148,Embedded Engineer,Entegee,"Wichita, Kansas Metropolitan Area",Full-time,Mid-Senior level,"['C#', 'C++', 'Communication', 'Microsoft Office', 'Python']",5,dictionary
3901692400,Client Project Manager,"SEARCH Group Partners, Inc.",Greater Chicago Area,Full-time,Mid-Senior level,"['Communication', 'Project Management', 'Sales']",3,dictionary
3904994311,IT Support Services Specialist,Superior Essex,"Fort Wayne, IN",Full-time,Entry level,['Communication'],1,dictionary
3903845528,Emergency Services Technician Laboratory OCED,MultiCare Health System,"Tacoma, WA",Part-time,Entry level,"['Leadership', 'R']",2,dictionary
3905338477,Quantitative Researcher,Goliath Partners,Greater Chicago Area,Full-time,Mid-Senior level,['C++'],1,dictionary
3901349249,Program Associate,Center for Latino Progress - CPRF,"Hartford, CT",Part-time,,"['Communication', 'Excel', 'Leadership', 'Microsoft Office']",4,dictionary
3904389617,Sr. Director Supply Management Solutions,Medtronic,"Minneapolis, MN",Full-time,Director,"['Communication', 'Customer Service', 'Excel', 'Leadership', 'Project Management', 'R']",6,dictionary
3902829885,Project Manager,Fōcus - an Ōnin Group company,Washington DC-Baltimore Area,Contract,Associate,"['Communication', 'Excel', 'Leadership', 'Microsoft Office', 'Project Management']",5,dictionary
3902843465,Environmental Care Technician - PRN (Scheduled as needed),Holy Cross Health,"Germantown, MD",Part-time,Entry level,['Customer Service'],1,dictionary
3885852251,Intern - Commercial Middle Market Banking,Umpqua Bank,"Henderson, NV",Internship,Internship,"['Excel', 'Leadership', 'Power BI']",3,dictionary
3901987954,Corporate Merchandise Category Planning Manager,Cedar Fair Entertainment Company,"Charlotte, NC",Temporary,Mid-Senior level,"['Leadership', 'Microsoft Office']",2,dictionary
3904926878,Marketing Intern,Balchem Corporation,United States,Internship,Entry level,"['Communication', 'Leadership', 'Marketing', 'R', 'Sales']",5,dictionary
3903842391,Marketing Manager,Discovery Land Company,Maui,Full-time,Mid-Senior level,"['Adobe Illustrator', 'Adobe Photoshop', 'Communication', 'Excel', 'Marketing', 'Microsoft Office', 'Project Management', 'Sales']",8,dictionary
3902787579,PT COMMUNITY SCHOOL PROGRAM_SWEETWATER ELEMENTAR(1543100),Miami-Dade County Public Schools,"Miami, FL",Full-time,Internship,[],0,dictionary
3894996843,Senior Solutions Architect,Dunhill Professional Search & Government Solutions,Washington DC-Baltimore Area,Full-time,Director,"['AWS', 'Azure', 'Communication', 'Excel', 'GCP', 'Git', 'JavaScript', 'Leadership', 'Machine Learning', 'Microsoft Office', 'Project Management', 'Python']",12,dictionary
3906233521,Digital Marketing Intern - Summer,Rochelle Porter Design,Atlanta Metropolitan Area,Part-time,,"['Adobe Illustrator', 'Adobe Photoshop', 'Communication', 'Excel', 'Marketing', 'Microsoft Office']",6,dictionary
3906227023,Engineer I - DCS,Westlake,"Geismar, LA",Full-time,Entry level,[],0,dictionary
3905373808,JOURNEYMAN ELECTRICIAN PROJECT SUPPORT,Trident Seafoods,"Anchorage, AK",Full-time,Entry level,"['Customer Service', 'Sales']",2,dictionary
3905302539,Client Associate - Part-time /25 hours per week,Wells Fargo,"Anchorage, AK",Part-time,Associate,"['Excel', 'Marketing', 'Microsoft Office', 'R']",4,dictionary
3905284841,Banquet Chef,The Guest House at Graceland,Memphis Metropolitan Area,Full-time,Mid-Senior level,"['Communication', 'Excel']",2,dictionary
3905369291,Store Manager - Spirit,Spirit Halloween,"Danbury, CT",Temporary,Mid-Senior level,['Sales'],1,dictionary
3886442598,Retail Sales Lead Apparel,DICK'S Sporting Goods,"Omaha, NE",Part-time,Mid-Senior level,"['Leadership', 'Sales']",2,dictionary
3884437850,Sales Account Executive,Epsilon,"Salisbury, NC",Full-time,Associate,"['Communication', 'Leadership', 'Marketing', 'Project Management', 'Sales']",5,dictionary
3904360970,Teller Bilingual Spanish 20 hours Steve Reynolds,Wells Fargo,"Duluth, GA",Part-time,Associate,"['Customer Service', 'R']",2,dictionary
3902883080,Trust Administrator,Provision People,Greater Anchorage Area,Full-time,Associate,[],0,dictionary
3885811929,"Store Associate - (Part-Time) Goose Creek, SC",Lidl US,"Goose Creek, SC",Part-time,Mid-Senior level,"['Communication', 'Customer Service', 'Sales']",3,dictionary
3903839615,Chemical Engineering Intern - Summer 2024,WSP in the U.S.,"Indianapolis, IN",Internship,Internship,"['Communication', 'Leadership']",2,dictionary
3905301543,Artist Relations,SPOZZ.club,Los Angeles Metropolitan Area,Other,,[],0,dictionary
3905884620,"General Counsel, Bureau for Social Services","WV Departments of Health, Health Facilities, and Human Services","Charleston, WV",Full-time,Executive,[],0,dictionary
3905381062,Temporary Human Resources Business Partner (HRBP),Brooks Running,"Seattle, WA",Temporary,Mid-Senior level,"['Communication', 'Leadership']",2,dictionary
3898172276,Technical Sales Engineer,CaptiveAire Systems,"Redding, CA",Full-time,Associate,"['Communication', 'Customer Service', 'Sales']",3,dictionary
3901976393,DOD SKillbridge Director Distribution Center,Nuovo Elite Work Solutions,"Coppell, TX",Internship,,"['Leadership', 'Sales']",2,dictionary
3900072380,Registered Nurse/Licensed Practical Nurse,UnityPoint Health,"Cedar Rapids, IA",Part-time,Mid-Senior level,[],0,dictionary
3891079152,Certified Medical Assistant,UnityPoint Health,Quad Cities Metropolitan Area,Full-time,Associate,"['Customer Service', 'Microsoft Office']",2,dictionary
3884916322,HR Coordinator,Innova Solutions,"Clayton, NC",Contract,Entry level,"['AWS', 'Communication', 'Customer Service', 'Excel']",4,dictionary
3904581903,Interim Financial Controller,Hemphill - Search • Consulting • Staffing,Omaha Metropolitan Area,Contract,Director,"['Excel', 'Leadership']",2,dictionary
3887713711,Project Engineer 1,Techtronic Industries - TTI,"Greenville-Spartanburg-Anderson, South Carolina Area",Full-time,Entry level,['Project Management'],1,dictionary
3884441922,Federal Policy Manager,Democracy Forward,Washington DC-Baltimore Area,Full-time,Mid-Senior level,"['Leadership', 'Project Management']",2,dictionary
3895216764,Aerospace Summer - Internship Stuart Florida,DAHER,"Stuart, FL",Internship,Internship,"['Communication', 'Excel', 'Leadership', 'Microsoft Office', 'Project Management', 'R']",6,dictionary
3904990602,Director of Wealth,Advisors Excel,Topeka Metropolitan Area,Full-time,Director,"['Excel', 'Marketing', 'Sales']",3,dictionary
3885829724,Marketing Asset Management Intern,AAA-The Auto Club Group,"Home, MI",Full-time,Internship,"['Leadership', 'Marketing', 'Microsoft Office']",3,dictionary
3904995244,RN Cath Lab PRN Days,Tenet Healthcare,"Memphis, TN",Temporary,Executive,[],0,dictionary
3900949943,Peer Recovery Specialist (Contract),UPMC,"Pittsburgh, PA",Contract,,['Communication'],1,dictionary
3901175619,"Assistant Manager, Digital (Hybrid)",Cella,"New York, NY",Contract,Mid-Senior level,"['Communication', 'Excel', 'Marketing', 'Microsoft Office', 'Project Management']",5,dictionary
3905852501,Sr Analyst - Finance Technology,The Wendy's Company,"Dublin, OH",Full-time,Mid-Senior level,"['Communication', 'Leadership']",2,dictionary
3902397597,Tax Manager,Insight Global,"Oklahoma City, OK",Full-time,Mid-Senior level,[],0,dictionary
3902356861,Maintenance Engineer,Akkodis,"Louisville, KY",Contract,Associate,[],0,dictionary
3890889801,Marketing Communications Intern,Baylor College of Medicine,Greater Houston,Internship,,"['Marketing', 'Project Management']",2,dictionary
3903830264,Java Developer,Collabera,"Newark, DE",Contract,Entry level,"['CSS', 'Communication', 'HTML', 'Java', 'JavaScript', 'Node.js', 'React']",7,dictionary
3904367356,Summer 2024 COE TCAD Device X-section Intern,onsemi,"Gresham, OR",Internship,,[],0,dictionary
3904587105,"Manager, Outplacement Services / Career Coach & Resume Writer *In-Office - Omaha, NE (Full or Part-Time)",Hemphill - Search • Consulting • Staffing,"Omaha, NE",Part-time,Director,['Leadership'],1,dictionary
3902353376,Project Manager,RightWorks,Kansas City Metropolitan Area,Full-time,Associate,"['Communication', 'Excel', 'Project Management', 'Sales']",4,dictionary
3889163379,Teacher English Learner Secondary - SY 2024-25,Metro Nashville Public Schools,Nashville Metropolitan Area,Full-time,Entry level,[],0,dictionary
3905291176,Senior Systems Administrator (VMware) (3195),SMX,"Patuxent River, MD",Full-time,Mid-Senior level,[],0,dictionary
3888482064,Air Export Agent,Freight Appointments,Charlotte Metro,Full-time,Entry level,['Customer Service'],1,dictionary
3903474716,Assembly B,L3Harris Technologies,"Rochester, NY",Full-time,Entry level,[],0,dictionary
3904928153,Senior Technical Engineer,PTCI,"Buffalo, NY",Contract,,"['Azure', 'Communication', 'Git']",3,dictionary
3899530768,Integration Manager,"IDR, Inc.","Nashville, TN",Contract,Mid-Senior level,[],0,dictionary
3904362414,Graphic Artist (Temporary),Warner Bros. Discovery,"Atlanta, GA",Temporary,Entry level,"['Adobe Illustrator', 'Adobe Photoshop', 'Communication']",3,dictionary
3905345904,Channel Account Manager (Spanish Fluency),Odoo,San Francisco Bay Area,Full-time,Entry level,"['Communication', 'Sales']",2,dictionary
705356075,TREC licensed Professional Home Inspector,"Blackland Home Inspections, PLLC",Dallas-Fort Worth Metroplex,Full-time,,[],0,dictionary
3904948519,Facilities Project Engineer,BEPC Inc. - Business Excellence Professional Consulting,San Angelo Area,Contract,Mid-Senior level,['CSS'],1,dictionary
3901959917,Information Literacy Concierge,Metropolitan Community College,"Omaha, NE",Part-time,,['Customer Service'],1,dictionary
3886885193,Experienced Virtual Executive Assistant,Hermessi,Philippines,Full-time,,['Communication'],1,dictionary
3895490435,"Store Director, J.Crew Factory, Arundel Mills ",J.Crew Factory,"Hanover, MD",Full-time,Associate,['Leadership'],1,dictionary
3903826390,School Social Worker- LCSW,Maxim Healthcare Staffing,"Topsham, ME",Full-time,Entry level,['Communication'],1,dictionary
3903431624,Unit Secretary (PRN- as needed),MedStar Health,"Washington, DC",Part-time,Entry level,"['CSS', 'Communication']",2,dictionary
3901930901,Office Manager,O'Connor Distributing,Little Rock Metropolitan Area,Full-time,,"['Communication', 'Customer Service', 'Excel', 'Leadership', 'Marketing', 'R', 'Sales']",7,dictionary
3895531340,Volunteer: Companion Volunteer - Muncie,VolunteerMatch,"Muncie, IN",Volunteer,Associate,['Leadership'],1,dictionary
3905827661,Exciting Opportunity: SAP Data Migration Lead Contract Role,Bayforce,Greater Chicago Area,Contract,Mid-Senior level,"['Leadership', 'SQL']",2,dictionary
3905304016,Nestle Tollhouse Production Operator,Nestlé,"Burlington, WI",Full-time,Associate,['Leadership'],1,dictionary
3889709876,Staff Accountant,Smalls Sliders,Atlanta Metropolitan Area,Full-time,Associate,"['Communication', 'Excel', 'Microsoft Office']",3,dictionary
3886892787,Psychotherapist in Private Practice,Renew Hope And Healing,"Henrietta, NY",Other,,[],0,dictionary
3904394246,Occupational Therapist,"Soul To Soul Yoga, LLC",North Port-Sarasota Area,Part-time,,['Communication'],1,dictionary
3901342622,Production Support Engineer,Tata Consultancy Services,"Detroit, MI",Full-time,Mid-Senior level,"['AWS', 'SQL']",2,dictionary
3905843295,Wastewater Project Engineer ,Oxford Solutions,Greater Pittsburgh Region,Contract,Mid-Senior level,"['Communication', 'Project Management']",2,dictionary
3887478003,"AVP, Product Owner",LPL Financial,"Fort Mill, SC",Full-time,Executive,"['Leadership', 'Project Management']",2,dictionary
3884855554,"Sr. Quality Technician,",Baxter International Inc.,"Round Lake, IL",Full-time,Mid-Senior level,['Communication'],1,dictionary
3906253085,"Senior Associate, International Tax",Frazier & Deeter,"Charlotte, NC",Internship,Mid-Senior level,"['Communication', 'Excel']",2,dictionary
3903471463,"Public Sector Account Mgr -Brookfield, WI",UScellular,Greater Madison Area,Full-time,Mid-Senior level,['Sales'],1,dictionary
3894867756,Control Technician-Jr.,Appalachian Power,"Winfield, WV",Full-time,Entry level,['Communication'],1,dictionary
3898161900,Administrative Assistant,Aimic Inc,Nashville Metropolitan Area,Contract,Entry level,"['Communication', 'Customer Service', 'Excel', 'Microsoft Office']",4,dictionary
3884436043,Anti-Money Laundering Analyst (AML),Forrest Solutions,"San Antonio, Texas Metropolitan Area",Full-time,Associate,"['Communication', 'Microsoft Office']",2,dictionary
3904970455,Office Coordinator,Solugenix,"Sacramento, CA",Contract,Mid-Senior level,['Sales'],1,dictionary
3905866202,Senior Solutions Architect,Compunnel Inc.,Raleigh-Durham-Chapel Hill Area,Contract,Director,"['AWS', 'Leadership']",2,dictionary
3902763077,"Intern, Parts, Garments & Accessories",CFMOTO Powersports Inc,"Plymouth, MN",Internship,Entry level,"['Communication', 'Customer Service', 'Excel', 'Microsoft Office', 'Sales']",5,dictionary
3900940883,Strategic Account Executive (SLED),Datadog,Utica-Rome Area,Full-time,Mid-Senior level,['Sales'],1,dictionary
3901937530,Python/Django Developer (W2 only)-79456,Swoon,"Chicago, IL",Contract,Mid-Senior level,"['C++', 'Java', 'JavaScript', 'Leadership', 'MySQL', 'Python', 'SQL']",7,dictionary
3903849283,"Associate, Part Time Sales",Sleep Number Corporation,"Bel Air, MD",Part-time,Entry level,"['Customer Service', 'Sales']",2,dictionary
3902867169,Resident Assistant II- Hawthorne Ridge-Part Time Evenings,Trinity Health,"East Greenbush, NY",Part-time,Entry level,[],0,dictionary
3900946049,Executive Sous Chef,"Mawa's Kitchen, Aspen","Aspen, CO",Full-time,,['Communication'],1,dictionary
3905878181,Production Supervisor,Korpack,"Bloomingdale, IL",Temporary,Associate,"['Communication', 'Excel', 'Leadership', 'Microsoft Office']",4,dictionary
3905310605,Field Sales and Marketing Representative,Techtronic Industries - TTI,"Greater Albany, Georgia Area",Full-time,Executive,"['Communication', 'Customer Service', 'Leadership', 'Marketing', 'Microsoft Office', 'Sales']",6,dictionary
3887881774,Seasonal Housekeeping Supervisor,Vacasa,"Portland, ME",Temporary,Mid-Senior level,[],0,dictionary
3899527270,SharePoint Administrator,"V-Soft Consulting Group, Inc.","Stafford, VA",Contract,Entry level,[],0,dictionary
3901962218,Telecom Construction Manager II,Lorien,"Indianapolis, IN",Contract,Mid-Senior level,['Project Management'],1,dictionary
3895491597,Behavior Technician,Early Autism Services,Greater Richmond Region,Full-time,Entry level,['Communication'],1,dictionary
3889769868,Line Cook and Prep Cook,Chronic Golf +Games,"Hilton Head Island, South Carolina Area",Part-time,,[],0,dictionary
3903447133,Marketing Communications Internship,Gateway Pet Guardians,Greater St. Louis,Internship,,"['Adobe Photoshop', 'Communication', 'Marketing']",3,dictionary
3894550290,Temporary Registered Nurse-Cardiovascular Unit,McLaren Health Care,"Petoskey, MI",Temporary,Mid-Senior level,[],0,dictionary
3895803303,Territory Representative,Heaven Gifts,Las Vegas Metropolitan Area,Full-time,Associate,['Sales'],1,dictionary
3895846706,Renewals Specialist,Employ,United States,Other,Entry level,"['Communication', 'Sales']",2,dictionary
3894274633,Director of Internal Communication,Care New England,"Providence, RI",Full-time,Director,"['Communication', 'Leadership', 'Marketing', 'Project Management']",4,dictionary
3903806658,Deal Desk Analyst 3,Russell Tobin,"Lehi, UT",Contract,,"['Communication', 'Marketing', 'Sales']",3,dictionary
3904965886,Vice President Operations,TriVista Recruitment,"Fort Atkinson, WI",Full-time,Executive,[],0,dictionary
3904076478,ACCOUNTANT TRAINEE,California State Controller's Office,"Sacramento, CA",Full-time,Internship,[],0,dictionary
3901661346,Director of Transportation,VHB,"Wethersfield, CT",Full-time,,['Leadership'],1,dictionary
3885828277,Customer Service Representative,TEKsystems,"Omaha, NE",Full-time,Mid-Senior level,['Customer Service'],1,dictionary
3902317613,Formalwear Seamstress Monthly Bonus,David's Bridal,"Evansville, IN",Part-time,Entry level,"['Customer Service', 'Leadership', 'Sales']",3,dictionary
3901391104,Global Program Manager (Pharma/Biotech/Drug Development),Infotree Global Solutions,"Cambridge, MA",Contract,Director,"['Marketing', 'Project Management']",2,dictionary
3894874211,Area Marketing Manager (Jacksonville & Panhandle),Direct Auto Insurance,Gainesville Metropolitan Area,Full-time,Mid-Senior level,"['Communication', 'Customer Service', 'Excel', 'Leadership', 'Marketing', 'Microsoft Office', 'Sales']",7,dictionary
3902350609,LNG CONSTRUCTION COORDINATOR,Qodoro,"Mansfield, MA",Contract,,"['Communication', 'Excel', 'Microsoft Office']",3,dictionary
3889490452,Intern Technical II,SAIC,"Richmond, VA",Full-time,Internship,"['Communication', 'Excel', 'Leadership', 'Marketing', 'Microsoft Office']",5,dictionary
3905203926,"Customer Support Manager, Washington, DC",Cogent Communications,"Washington, DC",Full-time,Mid-Senior level,"['Customer Service', 'Excel']",2,dictionary
3902762019,Occupational Therapist,Pioneer Healthcare Services,"San Francisco, CA",Full-time,Entry level,[],0,dictionary
3889116270,"Travel - CT Tech Job - $3,209/wk - $3,434/wk",Aya Healthcare,"Waimea, HI",Contract,Entry level,[],0,dictionary
3905288490,Volunteer Board Members,BELIEVE - Stroke Recovery Foundation,"Raleigh, NC",Volunteer,Associate,[],0,dictionary
3891086703,Tax Manager - Federal Credits and Incentives - Washington National Tax,RSM US LLP,Miami-Fort Lauderdale Area,Full-time,,"['Communication', 'Leadership']",2,dictionary
3904429548,Ophthalmologist,Greenlife Healthcare Staffing,New York City Metropolitan Area,Part-time,Mid-Senior level,['Computer Vision'],1,dictionary
3905334980,Pest Control Technician,Rentokil Pest Control North America,San Angelo Area,Full-time,Entry level,['Communication'],1,dictionary
3884437755,General Dentist,Henry Schein Dental Recruitment Services,Buffalo-Niagara Falls Area,Full-time,Associate,[],0,dictionary
3894286642,Human Resources Manager,Medical Mutual Liability Insurance Soc. of MD,"Hunt Valley, MD",Part-time,Mid-Senior level,['Excel'],1,dictionary
3905369520,R&D Computer Engineering & Autonomous Systems - Algorithmic and Machine Learning Engineer for Intrusion Detection Systems (Early/Mid-Career) - Onsite,Sandia National Laboratories,"Albuquerque, NM",Full-time,,"['C#', 'C++', 'Communication', 'Computer Vision', 'Deep Learning', 'Java', 'Leadership', 'Machine Learning', 'Python', 'R']",10,dictionary
3901667913,Business Analyst,Raas Infotek,Canada,Contract,Associate,"['Azure', 'Communication', 'Customer Service']",3,dictionary
3906233220,Senior Customer Service Sales Representative,K&G Fashion Superstore,"Baton Rouge, LA",Full-time,,"['Customer Service', 'Sales']",2,dictionary
3904708119,Finance Manager,Akkodis,Greater Cleveland,Full-time,Mid-Senior level,[],0,dictionary
3901661179,Chief Human Resource Officer,H&H Leadership Solutions,"Newcastle, WY",Contract,Executive,"['Communication', 'Leadership', 'Marketing']",3,dictionary
3894296555,Production Graphic Designer,Cloudera,Greater Wilmington Area,Full-time,Entry level,"['Adobe Illustrator', 'Adobe Photoshop', 'Communication', 'Marketing']",4,dictionary
3906254040,Sr. Financial Analyst - Dealer,"Konica Minolta Business Solutions U.S.A., Inc.","Ramsey, NJ",Full-time,Mid-Senior level,"['Communication', 'Customer Service', 'Excel', 'Leadership', 'Marketing', 'Sales']",6,dictionary
3885113058,Electrical Engineering Intern,Anyware Robotics,"Fremont, CA",Internship,,['Communication'],1,dictionary
3904727089,Graphic Designer II,"Hanger, Inc.","Austin, Texas Metropolitan Area",Part-time,Entry level,"['Adobe Illustrator', 'Adobe Photoshop', 'Communication', 'Customer Service', 'Excel', 'Marketing', 'Microsoft Office', 'Project Management']",8,dictionary
3891074949, Distribution Planning Engineer,"ControlPoint Technologies, Inc.",Greater Boston,Full-time,Associate,"['Leadership', 'Project Management']",2,dictionary
3901943284,Program Support Specialist,Accede Solutions Inc (accedesol.com),"Illinois, United States",Contract,Executive,"['Customer Service', 'Leadership']",2,dictionary
3888975075,Delivery Driver (Full-Time),AutoZone,Greater Sacramento,Full-time,,"['Customer Service', 'Leadership', 'Sales']",3,dictionary
3904706616,Software Development Intern - Summer 2024,CACI International Inc,"Aurora, CO",Part-time,Internship,"['Communication', 'Leadership']",2,dictionary
3904702895,Senior Project Manager,American Structurepoint,Greater Indianapolis,Full-time,Mid-Senior level,"['Communication', 'Leadership', 'Marketing', 'Project Management', 'Sales']",5,dictionary
3905209763,Formulation Scientist,Ajulia Executive Search,"Manitowoc, WI",Full-time,Mid-Senior level,['Communication'],1,dictionary
3888962377,"Sales Associate / Key Sales / Seasonal Opportunities - Banter by Piercing Pagoda - Fresno Fashion Fair - Fresno, CA",Signet Jewelers,Metropolitan Fresno,Part-time,Entry level,['Sales'],1,dictionary
3905231467,Accounting Specialist,Certco Inc.,Greater Madison Area,Full-time,Entry level,['Marketing'],1,dictionary
3901477904,"Licensed Practical Nurse - Local Contract, Temp To Perm - LTC/SNF",Connected Health Care,"Grand Forks, ND",Contract,Entry level,['Communication'],1,dictionary
3902822497,(Northeast) Remote P&C Assistant Actuary - PR12744A,Pryor Associates Executive Search,Northeastern United States,Full-time,Mid-Senior level,"['Power BI', 'R', 'SQL']",3,dictionary
3905286631,Volunteer: Events Setup and Clean up Volunteers Needed,VolunteerMatch,"Maryland, United States",Volunteer,Associate,[],0,dictionary
3905372425,Patient Access Services Representative Dobson Outpatient Imaging Clinic,Banner Health,"Mesa, AZ",Part-time,Entry level,"['Communication', 'Customer Service']",2,dictionary
3906248810,Barista,,Atlanta Metropolitan Area,Part-time,,[],0,dictionary
3895214839,SVP Financial Planning and Analysis ,The Woodmansee Group,"Connecticut, United States",Full-time,Executive,"['Communication', 'Leadership']",2,dictionary
3901365843,Business Development Director,Encompass Health,"Fitchburg, WI",Full-time,Director,"['Customer Service', 'Leadership', 'Marketing', 'Sales']",4,dictionary
3898174571,Package Handler - Part Time (Warehouse like),FedEx Ground,"Rolla, MO",Part-time,,[],0,dictionary
3902358750,Senior Software Development Engineer in Test ( REF2102O),"KMC Systems, Inc.","Merrimack, NH",Contract,Mid-Senior level,"['Git', 'Python', 'R']",3,dictionary
3884912691,Field Survey Technician,EDR (Environmental Design & Research) ,"New York, United States",Temporary,Entry level,['Communication'],1,dictionary
3904923870,Patient Safety Sitter - Perth Amboy - Per Diem Days,Hackensack Meridian Health,"Perth Amboy, NJ",Other,Associate,[],0,dictionary
3884829876,Summer Intern - PMO Project Manager,"Yamaha Motor Corporation, USA","Kennesaw, GA",Full-time,Internship,"['Communication', 'Excel', 'Microsoft Office']",3,dictionary
3885828075,Claims Adjuster - Centralized,Progressive Insurance,NAMER,Full-time,,['Leadership'],1,dictionary
3901392538,Senior Director of Business Strategy & Operations,ITF Therapeutics LLC,Greater Boston,Full-time,Director,"['Communication', 'Leadership', 'Marketing', 'Project Management', 'Sales']",5,dictionary
3902360643,Package Handler - Part Time (Warehouse like),FedEx Ground,"Georgetown, KY",Part-time,,[],0,dictionary
3894288419,"Associate Director of Policy Initiatives, SEO - 22342",NYC Department of Education,"Manhattan, NY",Temporary,Director,"['Communication', 'Excel', 'Leadership', 'Project Management']",4,dictionary
3887719200,Bookkeeper,The People Placers,"Princeton Junction, NJ",Temporary,,['Excel'],1,dictionary
3903839341,"Pediatric Nursery Medical Director-Newark, NY",Rochester Regional Health,"Rochester, NY",Part-time,Director,"['Communication', 'Computer Vision', 'Leadership']",3,dictionary
3902750512,Communications Intern (Fall),AARP,"Chicago, IL",Internship,,"['Communication', 'Marketing']",2,dictionary
3887874075,2024 Construction Engineer Intern (Seattle),Turner Construction Company,"Seattle, WA",Internship,Mid-Senior level,"['Communication', 'Excel', 'Leadership', 'Microsoft Office']",4,dictionary
3901677457,Volunteer: Musicopia Gift of Music Program Volunteer,VolunteerMatch,"Philadelphia, PA",Volunteer,Associate,[],0,dictionary
3905878067,Senior Wireless Engineer,"Pyramid Consulting, Inc","Raleigh, NC",Contract,,"['C++', 'Communication', 'Python']",3,dictionary
3904955190,"Director of Engineering and Service, Mining Equipment (Billings, MT or Edmonton Canada location) ",Vida Group International,Greater Chicago Area,Full-time,Director,"['Communication', 'R', 'Sales']",3,dictionary
3884808843,Craftsperson- Maintenance,FMC Corporation,"Newark, DE",Full-time,Entry level,"['Excel', 'Microsoft Office', 'R']",3,dictionary
3905366402,Sales Associate - Spirit,Spirit Halloween,"Natick, MA",Temporary,Entry level,['Sales'],1,dictionary
3902860743,Seasonal - Production Assemblers,Hearth & Home Technologies,"Lake City, MN",Temporary,Entry level,[],0,dictionary
3888999810,Director of Marketing,Allied OneSource,"Maryland Heights, MO",Full-time,Director,"['Communication', 'Leadership', 'Marketing', 'Sales']",4,dictionary
3904978997,(USA) Coach/Ops Mgr Trainee,Walmart,"Gas City, IN",Full-time,Internship,"['Customer Service', 'Microsoft Office', 'R']",3,dictionary
3889748394,"Entry Level Administrative Assistant // On-site Bethesda, MD",Dantech Corporation Inc.,Washington DC-Baltimore Area,Full-time,Entry level,"['Communication', 'Customer Service', 'Excel']",3,dictionary
3903451080,Program Officer,Green & Healthy Homes Initiative,Washington DC-Baltimore Area,Full-time,Associate,"['Communication', 'Excel', 'Microsoft Office', 'Project Management']",4,dictionary
3904925507,Outreach Manager,Oak Street Health,"Wilkinsburg, PA",Full-time,Mid-Senior level,"['Excel', 'Marketing', 'Sales']",3,dictionary
3898172058,Retail Customer Service Associate,FedEx Office,"Long Beach, CA",Part-time,,"['Communication', 'Customer Service', 'Sales']",3,dictionary
3905852463,Artificial Intelligence Engineer,SHAKE,San Francisco Bay Area,Part-time,,"['Communication', 'Natural Language Processing', 'PyTorch', 'TensorFlow']",4,dictionary
3902846138,Transportation Coordinator/Driver,Life Care Centers of America,"Post Falls, ID",Full-time,Entry level,['Customer Service'],1,dictionary
3884897389,"Travel Nurse RN - Med/Surg - $2,142 per week in Coeur D Alene, ID",TravelNurseSource,"Coeur d'Alene, ID",Full-time,Mid-Senior level,[],0,dictionary
3885831831,Patient Support Service Representative Part Time,HCA Healthcare,"Bountiful, UT",Part-time,Entry level,"['Customer Service', 'Microsoft Office']",2,dictionary
3903476278,"Mental Health Therapy Aide (MHTA) - Direct Care Positions, Mohawk Valley Psychiatric Center, Children and Youth, Evenings, P24767",New York State Office of Mental Health,Utica-Rome Area,Full-time,Entry level,[],0,dictionary
3905333966,"2024 Consultative Field Sales & Events Summer Internship - Grand Rapids, MI",Steelcase,"Grand Rapids, MI",Internship,Internship,"['Communication', 'Leadership', 'Sales']",3,dictionary
3906089235,System Engineer,Quantum World Technologies Inc.,"Jacksonville, FL",Contract,Associate,[],0,dictionary
3901373456,Structural Engineer,SecureTek Solutions,Greater Hartford,Full-time,Mid-Senior level,['Communication'],1,dictionary
3903473506,Retail Stocking Team Lead,"Burlington Stores, Inc.","Surprise, AZ",Part-time,Mid-Senior level,"['Leadership', 'Sales']",2,dictionary
3902390298,Director of Business Development,Great Plains Trust Company,"Overland Park, KS",Full-time,,"['Communication', 'Sales']",2,dictionary
3905333262,Construction Internship,Arbor Homes,"Indianapolis, IN",Full-time,Internship,['Sales'],1,dictionary
3904430416,Product Development Intern,Abiomed,"Danvers, MA",Internship,Internship,['Communication'],1,dictionary
3887482735,Business Development Representative,Carlisle Weatherproofing Technologies,Greater Orlando,Full-time,Associate,['Sales'],1,dictionary
3905345736,Sourcing Analyst,Associated Bank,"Green Bay, Wisconsin Metropolitan Area",Full-time,Mid-Senior level,"['Project Management', 'React']",2,dictionary
3905365078,Financial Analyst III ( May underfill at a level II or I),Salt Lake City Corporation,Salt Lake City Metropolitan Area,Full-time,Mid-Senior level,"['Excel', 'Leadership']",2,dictionary
3889755622,Account Executive (Downtown Miami),Capital Analytics,Miami-Fort Lauderdale Area,Full-time,Director,['Sales'],1,dictionary
3905241436,Asset Manager - New York City Office,Jonathan Rose Companies,New York City Metropolitan Area,Full-time,,['Marketing'],1,dictionary
3905811651,Media Director,Laughlin Constable,"Chicago, IL",Full-time,Director,"['Communication', 'Excel', 'Leadership', 'Marketing', 'Microsoft Office']",5,dictionary
3889754884,Billing Clerk,"Walrath Recruiting, Inc.","Albany, New York Metropolitan Area",Full-time,,"['Communication', 'Excel']",2,dictionary
3884839978,Upper Midwest Contracting Intern,Trane Technologies,"Willowbrook, IL",Full-time,Internship,['Leadership'],1,dictionary
2269442456,Computer Scientist,navXcom,United States,Volunteer,,['Communication'],1,dictionary
3904931961,Director of Behavioral Health,"Larry White Associates, Inc.","Columbus, Ohio Metropolitan Area",Full-time,Director,"['Communication', 'Leadership']",2,dictionary
3901986152,"Senior Manager, Customer Program",Heartland,"Oklahoma City, OK",Full-time,Mid-Senior level,"['Communication', 'Marketing', 'Project Management', 'Sales']",4,dictionary
3906203098,Accountant,Gordon College,"Wenham, MA",Full-time,Associate,"['Communication', 'Excel', 'Microsoft Office']",3,dictionary
3901343714,Enterprise Application Security Architect,Elite IT Recruitment PTY LTD,Washington DC-Baltimore Area,Contract,,"['Azure', 'C#', 'Computer Vision', 'Docker', 'Git', 'Java', 'Kubernetes', 'MongoDB', 'Node.js', 'React', 'SQL']",11,dictionary
3895524853,City Manager,City of Dacono,"Dacono, CO",Full-time,Executive,['Communication'],1,dictionary
3905667978,RN - Home Care 5K SOB,BAYADA Home Health Care,"Wayne, NJ",Full-time,Mid-Senior level,[],0,dictionary
3902862781,Chemist,"Kelly Science, Engineering, Technology & Telecom","Portland, OR",Full-time,Associate,[],0,dictionary
3891074263,PCAP-1 Research/Office Assistant ,University of Oklahoma,"Enid, OK",Part-time,Associate,"['Customer Service', 'Excel', 'Microsoft Office']",3,dictionary
3903828153,Route Driver,"Culligan by Consolidated Water Group, LLC.","Saraland, AL",Full-time,Entry level,"['Communication', 'Customer Service']",2,dictionary
3902806582,"Health Security, Preparedness & Response Planning Chief (Public Health Manager 2) –Portland, OR (On-Site)",Oregon Health Authority,"Portland, Oregon Metropolitan Area",Full-time,Mid-Senior level,"['Leadership', 'Project Management']",2,dictionary
3895209082,Senior Director Crises Communications and Reputation Management,Wellpath,Nashville Metropolitan Area,Full-time,Director,"['Communication', 'Leadership']",2,dictionary
3904410807,Biomed Equipment Coordinator,MyMichigan Health,"Midland, MI",Temporary,,['Communication'],1,dictionary
3891266803,Grooming Salon Manager,Petco,"Barre, VT",Full-time,Mid-Senior level,"['Customer Service', 'Leadership', 'Sales']",3,dictionary
3905835250,Marketing Representative,Magnifyde INC,"Miami, FL",Full-time,Entry level,"['Communication', 'Customer Service', 'Sales']",3,dictionary
3905321537,(USA) Coach/Ops Mgr Trainee,Walmart,"Ozark, MO",Full-time,Internship,"['Customer Service', 'Leadership', 'Sales']",3,dictionary
3898174058,Insurance Defense Attorney,Job Alert,Metro Jacksonville,Full-time,Associate,['Communication'],1,dictionary
3906258306,Supply Chain Engineering Intern - Summer 2024,Schneider,"Green Bay, WI",Full-time,Internship,['Communication'],1,dictionary
3902352386,Pharmacy Technician,Insight Global,"Albuquerque, NM",Full-time,Associate,['Customer Service'],1,dictionary
3905363791,Auto Body Technician,Caliber Collision,"American Fork, UT",Full-time,Entry level,"['Communication', 'Customer Service']",2,dictionary
3889415702,Temporary Basketball Analyst,University of Louisville,"Louisville, KY",Part-time,Mid-Senior level,[],0,dictionary
3905307726,"Sales Associate / Jewelry Consultant - Zales Outlet - Fashion Outlets of Niagara Falls USA - Niagara Falls, NY",Signet Jewelers,Buffalo-Niagara Falls Area,Full-time,Entry level,"['Communication', 'Customer Service', 'Sales']",3,dictionary
3902937316,"Assistant Director of Finance - Ka La'i Waikiki Beach, LXR Hotels & Resorts",Hilton,Honolulu Metropolitan Area,Full-time,Mid-Senior level,['Leadership'],1,dictionary
3884446615,Analytical Scientist II,"Yoh, A Day & Zimmermann Company","Ridgefield, CT",Contract,,['Communication'],1,dictionary
3887702593,Investor Relations Manager,Murtech Staffing & Solutions,Greater Cleveland,Full-time,Director,"['Communication', 'Leadership']",2,dictionary
3905361570,Front End Software Engineer Intern,"iHerb, LLC",United States,Internship,Mid-Senior level,"['CSS', 'Communication', 'HTML', 'JavaScript', 'SQL', 'TypeScript']",6,dictionary
3903833675,"Small Business Sales Advisor, Outbound",Gusto,Las Vegas Metropolitan Area,Full-time,Mid-Senior level,"['Communication', 'Customer Service', 'Excel', 'Leadership', 'Sales']",5,dictionary
3887499894,Banker Intern (LA Area),First Citizens Bank,"Glendale, CA",Temporary,,"['Communication', 'Sales']",2,dictionary
3884923550,Hardware Test Engineer,Hanna Instruments,"Woonsocket, RI",Full-time,,"['Communication', 'R']",2,dictionary
3905328464,Regulatory Compliance Specialist,Allied OneSource,"Kansas City, MO",Full-time,Mid-Senior level,"['Communication', 'Excel', 'Leadership', 'Project Management']",4,dictionary
3905671269,Interim Receiver,Tractor Supply Company,"Cottonwood, AZ",Temporary,Entry level,"['Communication', 'Customer Service', 'Sales']",3,dictionary
3898178895,Job Costing Analyst,The CSP Group,Greater St. Louis,Full-time,Associate,"['Excel', 'Project Management', 'R']",3,dictionary
3905666305,Project Engineer (NASA HHPC- Johnson Space Center),Leidos,"Las Cruces, NM",Full-time,Entry level,['Communication'],1,dictionary
3905230505,Desktop Support Technician,eTeam,"Los Angeles, CA",Contract,Associate,"['Communication', 'Customer Service', 'Microsoft Office']",3,dictionary
3901801452,Accounts Receivable Specialist,Planet Professional,"Randolph, MA",Temporary,Associate,"['Customer Service', 'Sales']",2,dictionary
3904052716,Direct Contracting Manager - Northwest,TriWest Healthcare Alliance,"Las Vegas, NV",Contract,Mid-Senior level,"['Communication', 'Customer Service', 'Excel', 'Leadership', 'Project Management']",5,dictionary
3904956913,Project Manager - 1930294,RightWorks,"New Prague, MN",Full-time,Associate,"['AWS', 'Communication', 'Leadership', 'Microsoft Office', 'Project Management']",5,dictionary
3887492490,Sales Representative,Sysco,"Providence, RI",Full-time,Entry level,"['Marketing', 'Microsoft Office', 'Sales']",3,dictionary
3888000740,Allied - Physical Therapist (PT) - Travel,Protouch Staffing,"St Joseph, MI",Contract,Entry level,[],0,dictionary
3903447916,Supervisory Physician (Clinical Director),Indian Health Service,"Pine Ridge, SD",Full-time,Director,[],0,dictionary
3886883013,Senior Digital Analytics Specialist (Technical),"Imagine Staffing Technology, An Imagine Company",Buffalo-Niagara Falls Area,Full-time,Mid-Senior level,"['Communication', 'Hadoop', 'Marketing', 'Power BI', 'Python', 'R', 'SQL', 'Tableau']",8,dictionary
3898166875,Financial Analyst,Egnyte,"Mountain View, CA",Temporary,Associate,"['Communication', 'Excel', 'Sales', 'Spark']",4,dictionary
3904371323,R&D Applications Lab Intern,LANXESS,"Kalama, WA",Internship,Entry level,"['Communication', 'Leadership', 'Marketing', 'R', 'Sales']",5,dictionary
3895208237,Director of Operations,"McLane Company, Inc.","Fredericksburg, VA",Full-time,Director,"['Communication', 'Excel']",2,dictionary
3891021415,Administrative Assistant,The Reserves Network,"Elizabethtown, KY",Contract,Entry level,[],0,dictionary
3905880707,Workday HR Systems Analyst,AMISEQ,Dallas-Fort Worth Metroplex,Contract,Mid-Senior level,['Communication'],1,dictionary
3901945465,Ground Operations Crew,JetBlue,"Washington, DC",Temporary,Entry level,"['Customer Service', 'Microsoft Office', 'Sales']",3,dictionary
3905639867,X-Ray Technologist,Fast Pace Health,"Franklin, LA",Temporary,Mid-Senior level,['Communication'],1,dictionary
3901395465,Deputy Head of Regulatory & Corporate Compliance,The Bluestone Group,New York City Metropolitan Area,Contract,Director,"['Communication', 'R']",2,dictionary
3904995529,RN - S.T.A.R. - Days,INTEGRIS Health,"Spencer, OK",Full-time,Mid-Senior level,['R'],1,dictionary
3904954557,Construction Intern,Fortira Inc.,"Summit, NJ",Contract,Internship,"['Excel', 'Leadership', 'Microsoft Office', 'Tableau']",4,dictionary
3904376877,I&E Drafting Intern,Audubon Companies,"Metairie, LA",Internship,Internship,[],0,dictionary
3906087932,ServiceNow Developer/Lead/SME,"American Unit, Inc",United States,Contract,Executive,['Excel'],1,dictionary
3898161227,Purchasing Clerk,"AccuTemp Products, Inc.",Greater Fort Wayne,Full-time,,['Excel'],1,dictionary
3904578550,"Senior Associate, Product Management: Premium Products & Experiences",Capital One,"New York, NY",Full-time,Associate,"['Data Science', 'Leadership']",2,dictionary
3884432422,Senior Accountant,"Burchard and Associates, Inc.",Greater St. Louis,Full-time,Mid-Senior level,['Excel'],1,dictionary
3895493265,Sales Lead,Janie and Jack,Erie-Meadville Area,Full-time,Mid-Senior level,"['Communication', 'Sales']",2,dictionary
3902919598,Business Development Manager,Savino Del Bene,"Council Bluffs, IA",Full-time,Associate,"['Communication', 'Customer Service', 'Excel', 'Microsoft Office', 'Sales']",5,dictionary
3900081500,Archaeological Field Technician,"TRC Companies, Inc.","Bath, ME",Part-time,,['Communication'],1,dictionary
3884438495,Junior Project Manager,Element Materials Technology,"Huntsville, AL",Full-time,Entry level,"['Communication', 'Leadership', 'R']",3,dictionary
3905259183,2024 Launch Program: Junior Software Engineer Intern,Red Ventures,"Fort Mill, SC",Internship,Mid-Senior level,"['C#', 'Communication', 'Java', 'JavaScript', 'Leadership', 'Marketing', 'Node.js', 'Python', 'React']",9,dictionary
3902829502,New Home Sales Consultant,Home Creations,Oklahoma City Metropolitan Area,Full-time,,"['Communication', 'Marketing', 'Sales']",3,dictionary
3901979643,Outside Sales Representative,Sysco,"Springfield, Massachusetts Metropolitan Area",Full-time,Associate,"['Marketing', 'Microsoft Office', 'Sales']",3,dictionary
3894564408,"Senior Legal Counsel, International Programs (One-Year Fellowship)",Khan Academy,"Mountain View, CA",Internship,Director,[],0,dictionary
3898165279,Outside Sales Representative,Encore Concrete Coatings,Greater Chicago Area,Full-time,,"['Communication', 'Excel', 'Marketing', 'Project Management', 'Sales']",5,dictionary
3903824623,Urology Sales Representative,"Medline Industries, LP","Newark, NJ",Full-time,Entry level,"['Communication', 'Excel', 'Microsoft Office', 'Sales']",4,dictionary
3905241114,Senior Trial Attorney ,"McDonald Toole Wiggins, P.A.",Greater Orlando,Full-time,Mid-Senior level,['Communication'],1,dictionary
3884806509,HR and Operations Manager,Scion Staffing,San Francisco Bay Area,Part-time,Mid-Senior level,"['Communication', 'Excel', 'Leadership']",3,dictionary
3894560583,Recreation Specialist NF-03,U.S. Army MWR,"Schofield Barracks, HI",Part-time,Entry level,[],0,dictionary
3885112303,Sales Associate - glendale galleria - 0987,PACSUN,"Glendale, AZ",Part-time,Associate,"['Leadership', 'Sales']",2,dictionary
3887860380,Baker,Safeway,"Molalla, OR",Part-time,Entry level,['Customer Service'],1,dictionary
3900961217,Registered Nurse - Ortho Med/Surg - Part Time Nights,Trinity Health,"Boise, ID",Full-time,Mid-Senior level,[],0,dictionary
3902790395,"Youth Apprentice, Machinist",Kohler Co.,"Kohler, WI",Part-time,Internship,[],0,dictionary
3899523205,Security Technician,Insight Global,Greater Minneapolis-St. Paul Area,Full-time,Entry level,['TypeScript'],1,dictionary
3887488648,Health Fitness Professional (substitute),HealthFitness,"Titusville, NJ",Part-time,Mid-Senior level,[],0,dictionary
3887831776,Administrative Assistant,Synectics Inc.,"Copper Canyon, TX",Contract,Entry level,[],0,dictionary
3903429488,Director - Case Management (RN),Trinity Health Of New England,"Waterbury, CT",Full-time,Director,['Leadership'],1,dictionary
3906222936,Registered Nurse (RN) / PRN,Select Medical,"Richmond, VA",Part-time,Mid-Senior level,[],0,dictionary
3904932573,"Emergency Veterinarian - Columbia, MD (Mentorship Available!)",Ethos Veterinary Health,"Columbia, MD",Internship,Mid-Senior level,['Leadership'],1,dictionary
3895827762,Telemetry Registered Nurse,Bluebird Staffing,"Everett, WA",Contract,Mid-Senior level,[],0,dictionary
3905670181,Assistant Store Manager Trainee - Store Admin - 0353,Giant Food,"Towson, MD",Part-time,Mid-Senior level,"['Communication', 'Customer Service', 'Leadership', 'Marketing', 'Project Management', 'Sales']",6,dictionary
3901938452,Project Manager,Catamount Constructors,"San Antonio, Texas Metropolitan Area",Full-time,Mid-Senior level,"['Communication', 'Excel', 'Microsoft Office', 'Project Management']",4,dictionary
3904939834,Environmental Consultant,,Greater Minneapolis-St. Paul Area,Full-time,Associate,"['Communication', 'Excel', 'Microsoft Office']",3,dictionary
3884434034,Assistant Project Manager,Wesbuilt Construction Managers,New York City Metropolitan Area,Full-time,Associate,"['Excel', 'Microsoft Office', 'Project Management']",3,dictionary
3905293120,Cook,Summit,"Mount Vernon, WA",Part-time,Entry level,['Customer Service'],1,dictionary
3904960501,Product Manager Intern (MBA) – FinTech,Intuit,"Mountain View, CA",Internship,Mid-Senior level,"['Communication', 'Leadership', 'Project Management']",3,dictionary
3894557611,Part-Time Sales Associate - Arden Fair 2594,Lucky Brand,Greater Sacramento,Part-time,Entry level,['Sales'],1,dictionary
3888972908,Funeral Director,gpac,"Catonsville, MD",Full-time,Director,[],0,dictionary
3891071751,General Manager,Papa Johns,"Watkinsville, GA",Full-time,Executive,[],0,dictionary
3905882933,Government Account Executive - West TN,Howard Technology Solutions,Memphis Metropolitan Area,Full-time,,"['Communication', 'Excel', 'Sales']",3,dictionary
3884438295,"Director, Design & Construction ",20/20 Foresight Executive Talent Solutions,"Denver, CO",Full-time,Director,"['Communication', 'Excel', 'Leadership', 'Microsoft Office', 'Project Management']",5,dictionary
3904988642,CNC Applications Engineer,The Job Network,"Huntsville, AL",Full-time,,['Sales'],1,dictionary
3904577526,Senior Accountant - Financial Reporting & Post-Close Analysis - $70-80k + Bonus,Hemphill - Search • Consulting • Staffing,Omaha Metropolitan Area,Full-time,Mid-Senior level,['Excel'],1,dictionary
3905261030,Investment Banking Vice President / Director (Renewable),talisman advisory partners,New York City Metropolitan Area,Full-time,Director,"['Communication', 'Excel', 'Leadership']",3,dictionary
3900084482,Deputy Chief of Police,Plymouth State University,"Plymouth, NH",Full-time,Director,"['Communication', 'Leadership', 'React']",3,dictionary
3886462116,"Maintenance Technician - weekends (Friday - Sunday, 6am to 6pm)",Henkel,"Brandon, SD",Full-time,Mid-Senior level,[],0,dictionary
3906253838,Patient Care Technician - PRN Days | Dayton LTACH,PAM Health Specialty Hospital of Dayton,"Miamisburg, OH",Part-time,Entry level,"['Communication', 'Customer Service', 'Leadership']",3,dictionary
3899528153,Contract Specialist,General Dynamics Ordnance and Tactical Systems,"Lincoln, Nebraska Metropolitan Area",Internship,Internship,[],0,dictionary
3901393934,Hospital Medicine Medical Director,StaffMED Health Partners,Oklahoma City Metropolitan Area,Full-time,Director,['Communication'],1,dictionary
3905291167,Software Engineer,KYYBA Inc,Detroit Metropolitan Area,Contract,,"['Kubernetes', 'Python', 'Spark']",3,dictionary
3905308647,Staff Engineer Software,Northrop Grumman,"Melbourne, FL",Full-time,Mid-Senior level,"['AWS', 'Azure', 'C++', 'Communication', 'Java', 'Kubernetes', 'Leadership', 'Machine Learning', 'Python']",9,dictionary
3904418789,Produce Order Writer (Buyer / Inventory Replenishment),Whole Foods Market,"Red Bank, NJ",Temporary,Mid-Senior level,"['Communication', 'Customer Service', 'Excel', 'Leadership', 'Sales']",5,dictionary
3901943478,Corporate Director of Marketing,"Horizon Hospitality Associates, Inc",Cincinnati Metropolitan Area,Full-time,Executive,"['Communication', 'Leadership', 'Marketing']",3,dictionary
3895238861,Regional Property Manager,Continental Realty Corporation,Raleigh-Durham-Chapel Hill Area,Full-time,,"['Communication', 'Leadership', 'Marketing']",3,dictionary
3901354978,Sales Representative- SaaS,Heartland,Tulsa Metropolitan Area,Full-time,Mid-Senior level,"['Communication', 'Leadership', 'Sales']",3,dictionary
3548616699,Mental Health Therapist,Clarity Counseling Pittsburgh,"Aliquippa, PA",Part-time,,[],0,dictionary
3894681073,Line Cook,Barcadia Bar & Grill,"New Orleans, LA",Full-time,Entry level,[],0,dictionary
3905867448,Planning Associate (Leadership Fast-Track Program),Equitable Advisors,"Toledo, Ohio Metropolitan Area",Full-time,Entry level,['Leadership'],1,dictionary
3904953432,Junior Java Developer,Agility Partners,Cincinnati Metropolitan Area,Full-time,Entry level,"['Azure', 'Communication', 'Git', 'Java', 'SQL']",5,dictionary
3888008662,Patient Access Representative - Broadway Pulmonary (24 hrs/wk) Pul,Sanford Health,"Fargo, ND",Part-time,Entry level,"['Communication', 'Customer Service', 'R']",3,dictionary
3900086201,Parking Control Attendant,University of Kentucky,"Lexington, KY",Full-time,Director,['Customer Service'],1,dictionary
3901369457,CMA Waukee Pediatrics Full Time,Trinity Health,"Waukee, IA",Full-time,,[],0,dictionary
3905283648,Technician Apprentice Program - Body Apprentice,Caliber Collision,"Pelham, AL",Internship,Internship,[],0,dictionary
3906224857,Account Manager Retail SMB - Business Sales,Verizon,"Flowood, MS",Full-time,Associate,"['Customer Service', 'Marketing', 'Sales']",3,dictionary
3904723205,"Technical Program Manager III, Metro Network Planning, Cloud Networking",Google,"Reston, VA",Full-time,,"['Communication', 'GCP']",2,dictionary
3904387605,Student Medical Assistant,MercyOne,"Clive, IA",Full-time,Internship,[],0,dictionary
3900945043,Sales Lead - Chico's,"Chico's FAS, Inc.","Mount Laurel, NJ",Part-time,Mid-Senior level,"['Communication', 'Customer Service', 'Leadership', 'Sales']",4,dictionary
3888403925,Student Radiologic Technologist - PRN,BJC HealthCare,"Sullivan, MO",Internship,,[],0,dictionary
3884820682,Service Technician,Ingersoll Rand,"Kansas City, MO",Full-time,Entry level,"['Communication', 'Customer Service', 'Excel', 'Microsoft Office']",4,dictionary
3901938873,Vice President of Sales/Operations,Byer Steel,"Cincinnati, OH",Full-time,Executive,"['Excel', 'Leadership', 'Marketing', 'Sales']",4,dictionary
3884438226,Electrical Design Engineer,Akkodis,"Richmond, VA",Contract,Associate,[],0,dictionary
3905624882,Travel RN - Cardiac Cath Lab,Springboard Health,"Bismarck, ND",Part-time,Mid-Senior level,[],0,dictionary
3901395641,Sales And Marketing Intern,Global Impex USA,United States,Internship,,"['Customer Service', 'Marketing', 'Sales']",3,dictionary
3905213317,LMSW-LMHC-Substance Abuse Counselor-CASAC-Brooklyn-NY,Diamond Medical Recruiting,"Brooklyn, NY",Other,Mid-Senior level,[],0,dictionary
3894999436,Attorney,Consilio LLC,"Fulton, MD",Full-time,Associate,['Leadership'],1,dictionary
3903428938,Director of Engineering Operations,Lynch Mykins Structural Engineers,Raleigh-Durham-Chapel Hill Area,Full-time,,"['Communication', 'Leadership', 'Project Management', 'R']",4,dictionary
3885814046,Auto Glass Installation Technician Trainee,Safelite,"Los Angeles, California, United States",Full-time,Internship,[],0,dictionary
3891246631,Lapping Machine Operator,The Reserves Network,"Westlake, OH",Full-time,Entry level,[],0,dictionary
3901945327,Business Development Lead - DeFi/Crypto/Web3 Project,New Codes on the Block,Greater Seattle Area,Contract,,"['Communication', 'Marketing']",2,dictionary
3891077551,Fishing Digital Marketing Intern,Johnson Outdoors,"Racine, WI",Full-time,Internship,"['Communication', 'Excel', 'HTML', 'Marketing']",4,dictionary
3888972946,Commercial Litigation Attorney,gpac,"Portland, OR",Full-time,Mid-Senior level,[],0,dictionary
3902833339,"Business Development Manager, Furniture",ODP Business Solutions,Charlotte Metro,Full-time,Associate,"['Project Management', 'Sales']",2,dictionary
3904936754,Senior Accountant,The Glide Group,Greater Chicago Area,Full-time,,"['Excel', 'Leadership']",2,dictionary
3906253918,Senior HRIS Analyst,HORNE,Baton Rouge Metropolitan Area,Full-time,Mid-Senior level,"['Communication', 'Excel', 'Leadership', 'Power BI', 'Project Management', 'SQL', 'Tableau']",7,dictionary
3903813758,Cook- Per Diem,Beth Israel Lahey Health,"Plymouth, MA",Part-time,Entry level,[],0,dictionary
3886217053,Plant Manager,Bluewater Hayes Inc.,Dallas-Fort Worth Metroplex,Full-time,Director,"['Microsoft Office', 'Project Management']",2,dictionary
3894552247,Med Aide-Part Time,Agemark Senior Living,"Dickinson, ND",Part-time,Entry level,['Communication'],1,dictionary
3906062673,Volunteer: Muscle Walk of Houston- Event Day Volunteer Photographer,Muscular Dystrophy Association,"Houston, TX",Volunteer,Associate,[],0,dictionary
3904389655,Univ. of Memphis Campus Retail Associate (Temp),Barnes & Noble College,"Memphis, TN",Temporary,Mid-Senior level,"['Customer Service', 'Excel', 'Sales']",3,dictionary
3894923594,Respiratory Therapist I - Part-time,Alaska Native Tribal Health Consortium (ANTHC),"Anchorage, AK",Part-time,Entry level,[],0,dictionary
3853995874,Professional Singer,,"Boston, MA",Temporary,,[],0,dictionary
3904374208,Product Marketing Manager,Confidential,Greater Syracuse-Auburn Area,Full-time,Mid-Senior level,"['Marketing', 'Project Management']",2,dictionary
3905290350,Volunteer: Blood Drive Ambassador - Butts County (Quarterly Engagement),VolunteerMatch,"Jackson, GA",Volunteer,Associate,"['Communication', 'Customer Service']",2,dictionary
3904950129,AI / ML Specialist - Washington DC! Only or USC,Dice,"Washington, DC",Full-time,Mid-Senior level,['Machine Learning'],1,dictionary
3905288563,Resource Pool Clinical Associate,WVU Medicine,"Morgantown, WV",Part-time,Entry level,"['Communication', 'Customer Service']",2,dictionary
3902731581,Interim HR Generalist (ID:45492),Versique Search & Consulting,"Minneapolis, MN",Temporary,Mid-Senior level,"['Communication', 'Excel', 'Microsoft Office']",3,dictionary
3887904954,Controller,Creative Financial Staffing (CFS),"Cuyahoga Falls, OH",Full-time,Director,['Leadership'],1,dictionary
3905296315,"Barback (Full-Time) - Arizona Biltmore, A Waldorf Astoria Resort","Arizona Biltmore, A Waldorf Astoria Resort",Greater Phoenix Area,Full-time,Entry level,['Leadership'],1,dictionary
3895511764,LOGISTICS/CUSTOMER SERVICE DELIVERY DRIVER-Nashville,Kroger,"Nashville, TN",Full-time,Associate,"['Communication', 'Customer Service']",2,dictionary
3901682377,Food Service Worker,Lexington Independents,"Salisbury, VT",Full-time,Entry level,['Communication'],1,dictionary
3902367887,Director of Operations,Laureate Academy Charter School,"Jefferson Parish County, LA",Full-time,Director,"['Communication', 'Excel', 'Leadership']",3,dictionary
3888957431,Allied - CT Scan Tech - Travel,Protouch Staffing,"Scottsbluff, NE",Contract,Entry level,[],0,dictionary
3902910946,Supply Management Planner,Randstad USA,"Dubuque, IA",Contract,,['Excel'],1,dictionary
3901956804,"VP, Operational Excellence",Brink’s Inc,"Coppell, TX",Full-time,,"['Communication', 'Leadership']",2,dictionary
3901677462,Volunteer: Disaster Action Team Responder,VolunteerMatch,"Providence, RI",Volunteer,Associate,[],0,dictionary
3901982793,Technical Support Specialist,Chariot Leadership Services ,"Wilmington, DE",Temporary,,"['Communication', 'Customer Service', 'Microsoft Office']",3,dictionary
3905883380,Technical Support / User Support,Revolution Technologies,"Columbia, SC",Full-time,,"['Communication', 'Customer Service']",2,dictionary
3905858464,System Architect,Net2Source Inc.,"Columbus, Ohio Metropolitan Area",Contract,Director,"['C#', 'Communication', 'Leadership']",3,dictionary
3901942618,General Manager,North Heights Linen Service,Greater Amarillo Area,Full-time,,"['Communication', 'Microsoft Office', 'Sales']",3,dictionary
3899533246,Plaintiffs' Civil Litigation Attorney,Hire Counsel,Los Angeles Metropolitan Area,Full-time,Associate,"['Communication', 'Leadership']",2,dictionary
3906252267,salesperson,Advance Auto Parts,"Bailey's Crossroads, VA",Part-time,Entry level,"['R', 'Sales']",2,dictionary
3905284853,Volunteer Financial Literacy Instructors,VolunteerMatch,"New York, NY",Volunteer,Associate,[],0,dictionary
3684991720,Pediatric Occupational Therapy,Saylor Physical Therapy,"Aiken, SC",Full-time,,['Communication'],1,dictionary
3905279936,Nurse Manager - Geriatrics/Infectious Disease,Boston Medical Center (BMC),"Boston, MA",Contract,Mid-Senior level,['Communication'],1,dictionary
3902350528,"Sales Executive, Fire Alarms",F.E. Moran Group of Companies,Cincinnati Metropolitan Area,Full-time,Mid-Senior level,"['Excel', 'Sales']",2,dictionary
3904949207,Chief Technology Officer,Nxt Level,Greater Tampa Bay Area,Full-time,Executive,"['Communication', 'React']",2,dictionary
3902753885,Part-Time Sales Supervisor - Ross Park,Eddie Bauer,"Pittsburgh, PA",Part-time,Mid-Senior level,['Sales'],1,dictionary
3903469917,Mine Permitting Specialist,The Mosaic Company,Greater Tampa Bay Area,Full-time,Mid-Senior level,"['Communication', 'Excel', 'Microsoft Office', 'Project Management']",4,dictionary
3904973211,Chief Executive Officer,Fahrenheit Advisors,"Richmond, VA",Full-time,Executive,"['Communication', 'Leadership', 'Microsoft Office', 'Project Management']",4,dictionary
3889207423,"2024 Global Safety Operations Analyst Intern, US",Uber,"San Francisco, CA",Internship,,['Communication'],1,dictionary
3905378154,Cashier Part Time,"Lowe's Companies, Inc.","Hamilton Square, NJ",Part-time,Entry level,"['Customer Service', 'Sales']",2,dictionary
3898165090,Seal Product Design Engineer,SKF Group,"Elgin, IL",Full-time,Entry level,"['Leadership', 'Sales']",2,dictionary
3884912477,Perioperative Nurse - Surgery Center - Day,WellSpan Health,"Lebanon, PA",Part-time,Mid-Senior level,[],0,dictionary
3902807905,Sheet Metal Worker,Metropolitan Transportation Authority,"Queens, NY",Other,Entry level,[],0,dictionary
3905304866,General Manager Foodservice - 1841313,RightWorks,"Denver, CO",Full-time,Associate,"['Communication', 'Customer Service', 'Leadership', 'Microsoft Office']",4,dictionary
3903804924,Events Manager,EOS Hospitality,"Harwich, MA",Temporary,Mid-Senior level,[],0,dictionary
3900963553,Business Intelligence Developer,Career Movement,"Lehi, UT",Full-time,Mid-Senior level,"['Azure', 'SQL']",2,dictionary
3904922656,Electrical Project Engineer,Nesco Resource,Louisville Metropolitan Area,Full-time,Associate,"['Communication', 'Leadership', 'Project Management']",3,dictionary
3900986296,Compliance Specialist II,Thermo Fisher Scientific,"Florence, SC",Full-time,,['R'],1,dictionary
3904985909,Lauder Politics and Policy Program Assistant,University of Pennsylvania,"Philadelphia, PA",Part-time,Entry level,[],0,dictionary
3902304280,Environmental Stewardship Pro Bono Coach,CrowdDoing,"California, United States",Volunteer,,"['Communication', 'Excel', 'Leadership', 'Microsoft Office', 'Project Management']",5,dictionary
3905210498,Field Sales PIT,Rentokil Pest Control North America,Knoxville Metropolitan Area,Full-time,Entry level,"['Communication', 'Leadership', 'Sales']",3,dictionary
3904395364,Procedure Development Sales Specialist I - Lung Health (Milwaukee),Medtronic,"Milwaukee, WI",Full-time,Associate,"['Customer Service', 'Marketing', 'Sales']",3,dictionary
3898164991,Collections Specialist,Addison Group,"Scottsdale, AZ",Temporary,Associate,['Excel'],1,dictionary
3905333051,Store Driver,Advance Auto Parts,"West Liberty, KY",Part-time,Entry level,"['Communication', 'R', 'Sales']",3,dictionary
3901962587,Tool Room Attendant,Peabody Energy,"Wright, WY",Part-time,Entry level,[],0,dictionary
3905340623,Interventional Radiology,Bluebird Staffing,"Canton, OH",Contract,Entry level,[],0,dictionary
3905301020,Part-Time Sales Associate - Famous Footwear,Famous Footwear,"Mashantucket, CT",Part-time,,"['Customer Service', 'Sales']",2,dictionary
3902753728,Sales Associate - PT,Paper Source,"Scottsdale, AZ",Part-time,Entry level,"['Communication', 'Customer Service', 'Sales']",3,dictionary
3895801968,"Patient Care Technician Hope, AR - Will Train",DaVita Kidney Care,"Hope, AR",Full-time,Entry level,['Leadership'],1,dictionary
3860323934,"Technical Business Analyst Local to Des Moines, Iowa",HERMEZ-IT,"Des Moines, IA",Contract,,[],0,dictionary
3895518353,"Department Manager Starbucks - Glendale, AZ - 2821",Safeway,"Glendale, AZ",Part-time,Mid-Senior level,"['Customer Service', 'Leadership']",2,dictionary
3902911911,Packaging Engineer,Randstad USA,"Crete, NE",Contract,,[],0,dictionary
3902750765,RN Home Health Per Diem,CenterWell Home Health,"Omaha, NE",Part-time,,"['Communication', 'Leadership']",2,dictionary
3885840285,Patient Services Specialist - Local Float Newberg Family Medicine and Newberg Internal Medicine,Providence Health & Services,"Newberg, OR",Internship,Entry level,['Customer Service'],1,dictionary
3901948618,Security Assistant/Receptionist,Lovelace Biomedical,"Albuquerque, NM",Full-time,Entry level,"['Communication', 'Customer Service', 'Microsoft Office']",3,dictionary
3894277978,Certified Financial Planner Intern,Pioneers ,New York City Metropolitan Area,Internship,Internship,['Communication'],1,dictionary
3891267016,CT Technologist,,"Greensboro, GA",Other,,[],0,dictionary
3898169740,Service Supervisor,Ingersoll Rand,"Indianapolis, IN",Contract,Mid-Senior level,"['Customer Service', 'Excel', 'Sales']",3,dictionary
3886825948,Technicien assistance informatique/Technicienne assistance informatique,Axians France,Greater St. Louis,Full-time,Entry level,['R'],1,dictionary
3899520829,Architectural Intern,Aimic Inc,"Indiana, United States",Contract,Associate,"['Communication', 'Excel', 'Microsoft Office']",3,dictionary
3900937141,Project Manager,"Kelly Science, Engineering, Technology & Telecom","Birmingham metropolitan area, AL",Full-time,Director,"['Communication', 'Project Management']",2,dictionary
3904947058,"Director, Brand Management and Insights",CareersInFood.com,"Waitsfield, VT",Full-time,Director,"['Communication', 'Leadership', 'Marketing', 'Project Management', 'Sales']",5,dictionary
3901354263,DevOps Engineer (W2),BuzzClan,"Deerfield, IL",Contract,,"['AWS', 'JavaScript', 'Leadership', 'Node.js']",4,dictionary
3901691774,Construction Safety Professional with CHST,"Clover Leaf Solutions, LLC","Reno, NV",Contract,Entry level,"['Communication', 'Microsoft Office', 'Project Management']",3,dictionary
3902921258,Director of Nursing,The Ekeo Group,"Glendale, AZ",Full-time,Director,[],0,dictionary
3905210650,Senior Director - Workday Sustainment and Support,Dallas College,Dallas-Fort Worth Metroplex,Full-time,Director,['Leadership'],1,dictionary
3901389469,Clinical Trial Monitor,Astrix,"Ridgefield, CT",Full-time,Mid-Senior level,['GCP'],1,dictionary
3904404520,Emergency Room Registered Nurse,Bluebird Staffing,"Dillon, MT",Contract,Mid-Senior level,[],0,dictionary
3903480118,Firmware Engineer Embedded Systems,In-Finite Search Solutions,Greater Cleveland,Full-time,Mid-Senior level,"['C++', 'Git', 'Python']",3,dictionary
3884819785,Sourcing Intern,Ingersoll Rand,"Sedalia, MO",Internship,Internship,"['Excel', 'Microsoft Office']",2,dictionary
3905262545,Customer Care Representative,Integration International Inc.,"El Paso, TX",Contract,Associate,"['Communication', 'Sales']",2,dictionary
3904427827,Community Affairs Coordinator - Office & Admin Specialist Prin (75870),Minnesota Pollution Control Agency,Greater Minneapolis-St. Paul Area,Full-time,Entry level,['Communication'],1,dictionary
3887487697,Development Analyst,Subtext ,Greater St. Louis,Full-time,Associate,"['Communication', 'Microsoft Office', 'React']",3,dictionary
3901348216,UI DESIGNER,Alrek Business Solutions Inc,"Louisville, KY",Contract,Mid-Senior level,"['CSS', 'HTML', 'JavaScript', 'Node.js']",4,dictionary
3904966458,"Client-Facing Recruiter, Manufacturing/Skilled Trades - HYBRID/Cudahy WI",ManpowerGroup Talent Solutions,"Cudahy, WI",Contract,,[],0,dictionary
3902947090,Lab Technician Intern,Clean Harbors,"New Haven, CT",Full-time,Internship,[],0,dictionary
3884436031,Part Time Sales Supervisor,Velvet by Graham & Spencer,"Los Angeles, CA",Part-time,,"['Communication', 'Customer Service', 'Sales']",3,dictionary
3898116126,Azure DevOps Engineer,"3Core Systems, Inc","Florida, United States",Contract,,"['Azure', 'Communication', 'Git', 'Kubernetes', 'Leadership', 'MongoDB', 'SQL']",7,dictionary
3886460978,Medical Transcriptionist,"Mercy Medical Center, Baltimore, MD",Washington DC-Baltimore Area,Part-time,Entry level,[],0,dictionary
3906237233,Medical Director,Hunter + Esquire®,"Phoenix, AZ",Full-time,Executive,['Leadership'],1,dictionary
3902736555,Radiologic Student Technologist PRN,Northeast Georgia Health System,"Gainesville, GA",Part-time,Internship,[],0,dictionary
3887993605,Outbound Sales,TEKsystems,"Norwalk, CT",Temporary,Entry level,"['Customer Service', 'Excel', 'Leadership', 'Microsoft Office', 'Sales']",5,dictionary
3901372243,Sensor Fusion Engineer,Integer Technologies LLC,"Columbia, South Carolina Metropolitan Area",Full-time,Associate,"['C++', 'Communication', 'Computer Vision', 'Leadership', 'Python', 'R']",6,dictionary
3887581009,Patient Service Representative - Millennium Internal Medicine,Bon Secours,"Greenville, SC",Internship,Entry level,"['Communication', 'Customer Service', 'Microsoft Office']",3,dictionary
3904926939,Sales Account Manager,Red Lab Logistics Inc,"Charleston, South Carolina Metropolitan Area",Full-time,,['Communication'],1,dictionary
3904424419,Lead Logistics,Compass Connections,"San Antonio, Texas Metropolitan Area",Other,Associate,[],0,dictionary
3887470903,Financial Analyst,Class VI Pathfinder,Denver Metropolitan Area,Full-time,Associate,"['Communication', 'Excel', 'Microsoft Office']",3,dictionary
3903877729,2024 Intern - Software Engineer,Adobe,"San Francisco, CA",Full-time,Internship,"['C++', 'Communication', 'Java', 'JavaScript', 'Python']",5,dictionary
3891082479,Safety Manager,Insight Global,"Selma, AL",Contract,Mid-Senior level,[],0,dictionary
3891080080,Foreign Language Interpreters,LAMP Interpreters ,Greater St. Louis,Part-time,,['Communication'],1,dictionary
3900961234,"Commercial Sr. HVAC Technician (Rental Services)- Atlanta, GA Area *SIGN ON BONUS / RELOCATION Available*",Trane Technologies,Greater Sioux Falls Area,Full-time,Mid-Senior level,['Microsoft Office'],1,dictionary
3903450090,Equal Employment Manager,NASA - National Aeronautics and Space Administration,"Greenbelt, MD",Full-time,Director,[],0,dictionary
3903849026,Lawn Technician,Florida Pest Control,Metro Jacksonville,Full-time,Entry level,['Communication'],1,dictionary
3887703291,Volunteer Board Member,VolunteerMatch,"Braintree, MA",Volunteer,Associate,[],0,dictionary
3888032654,Remote Travel Designer (Entry Level),Vacations With Justine,NAMER,Full-time,Entry level,['Customer Service'],1,dictionary
3905354102,Temporary AR Specialist –Dispute and Collection,Bruker Daltonics,"Billerica, MA",Temporary,Entry level,"['Communication', 'Customer Service', 'Leadership', 'Microsoft Office', 'Project Management']",5,dictionary
3905389776,Accounting Assistant Internship,The L.E. Myers Co.,"Indianapolis, IN",Internship,,"['Communication', 'Excel', 'Leadership', 'Microsoft Office', 'R', 'Sales']",6,dictionary
3884432618,Biopharmaceutical Manufacturing Production Specialist,Randstad Life Sciences US,"Berkeley, CA",Contract,Associate,"['Communication', 'Microsoft Office']",2,dictionary
3904091912,PC Technician,My3Tech,"Indianapolis, IN",Contract,Entry level,"['Communication', 'Customer Service', 'Microsoft Office']",3,dictionary
3890892237,"Integration Service operations, Vice President",myGwork - LGBTQ+ Business Community,"Quincy, MA",Full-time,Executive,"['Docker', 'Java', 'Kubernetes', 'React']",4,dictionary
3901174835,Data Product Owner,Turnberry Solutions,"Minnetonka, MN",Contract,Director,['Communication'],1,dictionary
3901348471,Real Estate Consultant,Sellstate Heartland Realty - Kansas City,"Kansas City, MO",Other,,"['Communication', 'Sales']",2,dictionary
3903839110,R.A./Q.A.Specialist,SprintRay Inc.,"Huntington Beach, CA",Full-time,Mid-Senior level,"['Communication', 'Leadership']",2,dictionary
3889286498,Clerical Assistant 3 - SCI Mahanoy,Commonwealth of Pennsylvania,"Schuylkill County, PA",Full-time,Entry level,['Communication'],1,dictionary
3901961858,Senior Storage Engineer,Danta Technologies,"Princeton, NJ",Contract,,['SQL'],1,dictionary
3884438648,District Manager,Advance Auto Parts,"Sioux Falls, SD",Full-time,Director,"['Excel', 'Sales']",2,dictionary
3901393465,Event Marketing Intern,Front Page Agency Inc,"Austin, Texas Metropolitan Area",Internship,,"['Marketing', 'Sales']",2,dictionary
3905293895,Seasonal Front Desk Specialist,Vacasa,"Destin, FL",Temporary,Entry level,"['Communication', 'Customer Service']",2,dictionary
3901475838,Telemedicine RN - Patient Care Survey Outreach Specialist,OpenLoop,United States,Part-time,Associate,"['Communication', 'Computer Vision']",2,dictionary
3804603307,Journeyman Electrician,CMD Electric,San Diego Metropolitan Area,Full-time,,['Communication'],1,dictionary
3905338031,Tour de Withum 2024,"WithumSmith+Brown, PC",Greater Syracuse-Auburn Area,Full-time,,['Leadership'],1,dictionary
3902924396,Volunteer: Red Cross: Shelter Support Team,VolunteerMatch,"Green Bay, WI",Volunteer,Associate,[],0,dictionary
3894559519,Product Analyst,Talent Groups,Greater Pittsfield Area,Full-time,Mid-Senior level,"['AWS', 'Communication', 'Marketing', 'Python', 'SQL', 'Tableau']",6,dictionary
3904924607,"Retail Receiving Support Associate, Pheasant Lane - Part Time",Macy's,"Nashua, NH",Part-time,,"['Customer Service', 'Marketing', 'Sales']",3,dictionary
3884437568,Dotnet Developer,AllSTEM Connections,"Columbus, Ohio Metropolitan Area",Contract,Mid-Senior level,"['AWS', 'Azure', 'C#', 'Communication', 'Docker', 'GCP', 'Kubernetes']",7,dictionary
3905349504,Electro-Mechanical Technician (manufacturing/industrial maintenance) - 3rd Shift,Menasha Corporation,Erie-Meadville Area,Full-time,Entry level,['Communication'],1,dictionary
3844608722,Cleaner,Action Cleaning Service,"Savannah, GA",Part-time,,['Communication'],1,dictionary
3902829878,"VP Sales – Custom Specialty Manufacturing – Private Equity, 78814 ","Truenorth Executive Search, Inc.","Denver, CO",Full-time,Executive,['Sales'],1,dictionary
3884441039,Accounts Payable Specialist,Design Ready Controls,"Brooklyn Park, MN",Part-time,,"['Communication', 'Excel', 'Microsoft Office']",3,dictionary
3904393108,Speech Language Pathologist (Internal Only),Arlington Public Schools,"Arlington, VA",Internship,Entry level,['Leadership'],1,dictionary
3901346470,Director of Sustainability,Vulcan Materials Company,"Birmingham, AL",Full-time,Director,"['Communication', 'Leadership', 'Project Management', 'Sales']",4,dictionary
3884432610,Financial Analyst,Aya Healthcare,"Oklahoma City, OK",Contract,Associate,"['Communication', 'Excel']",2,dictionary
3906253719,Registered Nurse - RN - Home Health,Professional Case Management,"Moab, UT",Part-time,Mid-Senior level,['Communication'],1,dictionary
3904419639,Gatekeeper,Milwaukee Tool,"Olive Branch, MS",Full-time,,['React'],1,dictionary
3894876589,Admission Counselor,Equus Workforce Solutions,"Lewiston, ME",Full-time,Associate,"['CSS', 'Excel']",2,dictionary
3905291551,HR Generalist,The US Oncology Network,Greater Roanoke Area,Full-time,Mid-Senior level,[],0,dictionary
3905245821,Mental Health Therapist,,"Fort Lauderdale, FL",Other,,[],0,dictionary
3904949971,Senior Software Engineer / C# and .NET / South Jersey,Motion Recruitment,"Burlington, NJ",Full-time,Mid-Senior level,"['C#', 'JavaScript', 'SQL']",3,dictionary
3902340779,Project Manager,Island Staffing,San Diego Metropolitan Area,Contract,Mid-Senior level,"['Communication', 'Leadership', 'Project Management']",3,dictionary
3905374558,Director Of Critical Care Services - 1936523,RightWorks,"Selma, AL",Full-time,Director,['Leadership'],1,dictionary
3902835389,Financial Analyst Consultant - Phoenix,Vaco,"Phoenix, AZ",Contract,Entry level,"['Communication', 'Excel']",2,dictionary
3902304084,"Senior Technologist - Exploratory and Innovation,",Baxter International Inc.,"Plymouth, MN",Full-time,Mid-Senior level,"['Communication', 'Leadership', 'Python']",3,dictionary
3901916394,Product Owner,JavanTech Inc,"Washington, DC",Other,,[],0,dictionary
3902865738,Licensed Vocational Nurse - Med/Surg 4th,Harlingen Medical Center,"Harlingen, TX",Other,Entry level,['Communication'],1,dictionary
3871131511,Commercial Real Estate Broker,Lee & Associates Greenville / Spartanburg,"Greenville-Spartanburg-Anderson, South Carolina Area",Full-time,,"['Communication', 'Sales']",2,dictionary
3899519753,Director of Engineering,Quantic Wenzel,"Austin, Texas Metropolitan Area",Full-time,Director,"['Communication', 'Leadership']",2,dictionary
3905640281,Senior Principal Product Owner,Randstad Digital Americas,"Washington, DC",Contract,,['Communication'],1,dictionary
3901995064,Long Term Care Coordinator I,Centene Corporation,"Chicago, IL",Full-time,,[],0,dictionary
3902833776,Controller,KMA Human Resources Consulting,"Gardiner, ME",Full-time,Director,"['Communication', 'Excel', 'Leadership', 'Microsoft Office']",4,dictionary
3901496929,Accounting Manager,"Abacus Group, LLC","Colorado, United States",Full-time,Associate,[],0,dictionary
3901356318,Registered Dietitian,"Hanker Systems, Inc.",Memphis Metropolitan Area,Contract,,['Communication'],1,dictionary
3901367309,Bakery Clerk Part Time,BJ's Wholesale Club,"Lewis Center, OH",Part-time,,['Customer Service'],1,dictionary
3887868805,Store Manager - Spencer's,Spencer's,"Albuquerque, NM",Full-time,Mid-Senior level,['Sales'],1,dictionary
3905285763,Corporate Intern - Finance,First Citizens Bank,"Raleigh, NC",Temporary,,"['Communication', 'Data Science']",2,dictionary
3887469932,Contracts Manager (Corporate Goods & Services),Metropolitan Washington Airports Authority,"Arlington, VA",Full-time,Mid-Senior level,['Customer Service'],1,dictionary
3884429717,Senior Business Analyst (Pharma/Biotech/Scientific),Infotree Global Solutions,"Cambridge, MA",Contract,Mid-Senior level,[],0,dictionary
3901356369,Hematologist Oncologist - Clearview Cancer Institute,OneOncology,"Cullman, AL",Full-time,Mid-Senior level,['Communication'],1,dictionary
3900069654,Unix Manager Lead / Head of Unix Engineer,Enterprise Engineering Inc. (EEI),New York City Metropolitan Area,Contract,Director,"['Communication', 'Leadership']",2,dictionary
3903474818,Yard Dog Driver - Nights,Charter Next Generation,"Lexington, OH",Temporary,Entry level,[],0,dictionary
3905332078,Technologist Assistant,RAYUS Radiology,"Maple Grove, MN",Temporary,Mid-Senior level,[],0,dictionary
3895863386,Travel RN - Telemetry,CrossMed Healthcare Staffing,"Bangor, ME",Part-time,Mid-Senior level,['Customer Service'],1,dictionary
3899527464,Client Services Associate,Ascendo Resources,Greater Tampa Bay Area,Full-time,Associate,"['Excel', 'Marketing', 'Microsoft Office']",3,dictionary
3900975619,Controller,LHH,San Francisco Bay Area,Contract,Director,"['Communication', 'Leadership']",2,dictionary
3904393515,Executive Assistant,Alpha Search USA,Tulsa Metropolitan Area,Full-time,Executive,[],0,dictionary
3905288199,Prepared Foods Dishwasher - Part Time,Whole Foods Market,"Boise, ID",Part-time,Entry level,"['Communication', 'Customer Service', 'Leadership', 'Sales']",4,dictionary
3904411405,Registered Nurse - RN - Emergency Department - ED,CareerStaff Unlimited,San Angelo Area,Full-time,Mid-Senior level,"['Customer Service', 'Leadership']",2,dictionary
3903497705,Seasonal Sales Associate,Tillys,Greater Orlando,Temporary,Entry level,['Sales'],1,dictionary
3886213610,Oracle EPM  Architect,CES,Greater Indianapolis,Full-time,Director,[],0,dictionary
3901343648,Assistant Superintendent,Invoke Staffing,Raleigh-Durham-Chapel Hill Area,Full-time,Associate,"['Communication', 'Leadership', 'Microsoft Office']",3,dictionary
3901801746,Business Analyst,"Pyramid Consulting, Inc","Wilmington, DE",Contract,,"['Communication', 'Excel', 'Microsoft Office', 'Project Management']",4,dictionary
3895273689,Licensed Practical Nurse (NY HELPS),NYS Office for People With Developmental Disabilities,"Binghamton, NY",Full-time,Entry level,[],0,dictionary
3886447884,Care Coordinator,Lutheran Community Services Northwest,Greater Kennewick Area,Full-time,Entry level,"['Communication', 'Microsoft Office']",2,dictionary
3884818890,Sales Development Internship - Nationwide (Summer '24),Ingersoll Rand,"Davidson, NC",Internship,Internship,"['Communication', 'Excel', 'Leadership', 'Sales']",4,dictionary
3898165168,Budget Analyst - Hybrid Telework,California Department of State Hospitals,Greater Sacramento,Full-time,Entry level,['Excel'],1,dictionary
3895802285,Cook I,"Westminster Canterbury Lynchburg, Inc.",Greater Lynchburg Area,Full-time,Mid-Senior level,[],0,dictionary
3906069847,Physician,Theoria Medical,"Wolfeboro, NH",Part-time,Mid-Senior level,['Leadership'],1,dictionary
3898166961,Senior Project Engineer,EG Workforce Solutions,Grand Rapids Metropolitan Area,Contract,,"['Communication', 'Marketing', 'Project Management']",3,dictionary
3900965257,Dishwasher- Crowne Plaza College Park,Remington Hospitality,"Greenbelt, MD",Part-time,Entry level,[],0,dictionary
3884805594,"Member, Board of Directors",Empower Missouri,"Missouri, United States",Volunteer,,['Leadership'],1,dictionary
3903804237,Technical Support Specialist,Russell Tobin,"Minneapolis, MN",Contract,Associate,['Microsoft Office'],1,dictionary
3901389363,Content Producer,Fuel Talent,Greater Seattle Area,Contract,Mid-Senior level,"['Marketing', 'Project Management']",2,dictionary
3900943120,"Intern, Strategic Communications",UF Health,Gainesville Metropolitan Area,Internship,Internship,['Communication'],1,dictionary
3904507712,Heavy Lifts Technician,Siemens Gamesa,Greater Orlando,Full-time,Associate,['Sales'],1,dictionary
3904402398,Government Affairs Intern,Comcast,"Philadelphia, PA",Full-time,Internship,[],0,dictionary
3904957339,Respiratory Therapist (RT) | Respiratory Therapy - Contract - Days,HealthTrust Workforce Solutions,"Alexandria, LA",Contract,Entry level,['Leadership'],1,dictionary
3905832347,Interim Chief Financial Officer,East 57th Street Partners,Los Angeles Metropolitan Area,Full-time,Executive,['Leadership'],1,dictionary
3905370458,Account Manager,Gordian,Greater Indianapolis,Full-time,,"['Communication', 'Customer Service', 'Excel', 'Microsoft Office']",4,dictionary
3902828771,Civil Litigation Paralegal,Soni,Denver Metropolitan Area,Full-time,Associate,"['Communication', 'Microsoft Office']",2,dictionary
3900962594,Retail Product Specialist -,Skechers,"Stockton, CA",Part-time,Mid-Senior level,['Sales'],1,dictionary
3889759081,Project Administrative Assistant - Banking/Mortgage,Brickhouse Resources,"Brookhaven, GA",Contract,Entry level,"['Communication', 'Excel']",2,dictionary
3901984214,Mechanical Design Intern - Energy & Industrial Group,Sargent & Lundy,"Chicago, IL",Full-time,Internship,"['Communication', 'Customer Service']",2,dictionary
3901352045,Data Foundations Director ,Burtch Works,Greater Chicago Area,Full-time,Director,"['Communication', 'Data Science', 'Leadership', 'Power BI', 'Python', 'Spark', 'Tableau']",7,dictionary
3895513166,Lead Cashier,Ulta Beauty,"Stow, OH",Full-time,,"['Customer Service', 'Leadership', 'React', 'Sales']",4,dictionary
3726764279,Senior Communications and Development Manager,Project VOYCE,Denver Metropolitan Area,Full-time,,"['Communication', 'Excel', 'Leadership', 'Marketing', 'Project Management']",5,dictionary
3887943682,Supply Chain Intern,Adient,"Lansing, MI",Full-time,Internship,"['Communication', 'Microsoft Office']",2,dictionary
3902352504,Family Nurse Practitioner,"LanceSoft, Inc.","San Antonio, Texas Metropolitan Area",Contract,,['Communication'],1,dictionary
3894556082,Contract Lecturer- Sociology and Criminology,Keene State College,"Keene, NH",Contract,Mid-Senior level,[],0,dictionary
3900962407,Seasonal Sales Associate,Jos. A. Bank Clothiers,"Overland Park, KS",Temporary,,['Sales'],1,dictionary
3894937881,Tatcha Account Executive - Chicago,TATCHA,"Chicago, IL",Full-time,Mid-Senior level,"['Communication', 'Sales']",2,dictionary
3904999156,EKG Technician Internship,Nebraska Medicine,Omaha Metropolitan Area,Full-time,Internship,[],0,dictionary
3894925073,Licensed Talk Therapist,Thriveworks,"Dover, DE",Part-time,Entry level,['Leadership'],1,dictionary
3904941051,Regulatory Affairs Associate,The Fountain Group,"St Louis, MO",Contract,Associate,[],0,dictionary
3889468855,Supervisory Park Ranger (P),National Park Service,"Hawaii County, HI",Part-time,Mid-Senior level,['Leadership'],1,dictionary
3904511028,Warehouse Driver,DNOW,Houma-Thibodaux Area,Full-time,Entry level,['Customer Service'],1,dictionary
3894284415,Associate Attorney,Marshall Dennehey ,Greater Philadelphia,Full-time,,[],0,dictionary
3905368987,"Vice President, Technology Operations",2K,"Novato, CA",Full-time,Executive,"['Communication', 'Leadership']",2,dictionary
3691793998,Team Lead,ASICS Corporation,Louisville Metropolitan Area,Full-time,,"['Communication', 'Customer Service', 'Excel', 'Sales']",4,dictionary
3901379418,Risk Adjustment Coder,Community Health Plan of Washington,Greater Seattle Area,Full-time,Associate,"['Communication', 'Excel', 'Leadership', 'Microsoft Office', 'Natural Language Processing']",5,dictionary
3888030690,Administrative Assistant,New England Association Services,"Warwick, RI",Full-time,,"['Communication', 'Microsoft Office']",2,dictionary
3889776148,Business Analyst,Hays,"Weehawken, NJ",Contract,Associate,"['Communication', 'Leadership']",2,dictionary
3906257151,RN - Mercy Rehab Hospital North OKC Part- Time Days,Mercy,"Oklahoma City, OK",Part-time,Mid-Senior level,[],0,dictionary
3901690039,"Consumer Healthcare Inventory Management, Lead Director",CVS Health,"Woonsocket, RI",Full-time,Director,"['Excel', 'Power BI', 'Python', 'SQL', 'Sales', 'Tableau']",6,dictionary
3887717063,Part Time - Branch,SECU,"Lillington, NC",Part-time,,['Communication'],1,dictionary
3887493050,Vice President of Corporate FP&A,Integra LifeSciences,"Princeton, NJ",Full-time,Executive,"['Communication', 'Leadership']",2,dictionary
3905837072,Head of Corporate Development,Townsend Search Group,Dallas-Fort Worth Metroplex,Full-time,Executive,['Communication'],1,dictionary
3901350212,Senior Actuarial Consultant,CNA Insurance,Greater Philadelphia,Full-time,Mid-Senior level,"['Communication', 'Excel', 'Leadership', 'Microsoft Office', 'Project Management', 'R', 'SQL']",7,dictionary
3885846598,RN Seasonal ICU Days,Baylor Scott & White Health,"Round Rock, TX",Temporary,Mid-Senior level,['Microsoft Office'],1,dictionary
3901996402,Advanced Practice Nurse,Scion Staffing,"Farmington, NM",Temporary,Mid-Senior level,"['Communication', 'Leadership']",2,dictionary
3903475725,Mid-Market Network Engineer (Remote in US),Resultant,"Indianapolis, IN",Full-time,Associate,"['AWS', 'Azure', 'Communication']",3,dictionary
3903457056,Technical Writer,Quadrant Technologies,"Redmond, WA",Contract,,"['Communication', 'Excel']",2,dictionary
3900950877,Mental Health Therapist,Recovery Ways,"Boise, ID",Contract,,['Communication'],1,dictionary
3903453199,Registered Nurse (Stroke Response),MedStar Health,"Baltimore, MD",Full-time,Associate,[],0,dictionary
3901615691,Medical Surgical Nurse,N2S Healthcare Staffing Solutions LLC,"Rochester, New York Metropolitan Area",Contract,Mid-Senior level,[],0,dictionary
3887900858,Front Desk Agent,Aimbridge Hospitality,"El Paso, TX",Full-time,Entry level,"['Customer Service', 'Microsoft Office']",2,dictionary
3898170491,Business Development Executive (BD Managed Services and Infrastructure,RDI Corporation,"Columbus, Ohio Metropolitan Area",Full-time,,['Sales'],1,dictionary
3906084027,"Recycling Technician, Programmatic",Quad,"Lomira, WI",Full-time,Associate,"['Marketing', 'Sales']",2,dictionary
3900086942,Graphics Tech - 1st Shift ($20.63 per hour to start),Pierce Manufacturing,"Bradenton, FL",Full-time,Entry level,"['Communication', 'Excel']",2,dictionary
3906231285,Sales Manager,Crawford Thomas Recruiting,"Bentonville, AR",Full-time,Mid-Senior level,"['Customer Service', 'Project Management', 'Sales']",3,dictionary
3901952706,Financial Representative,Modern Woodmen of America,"Statesville, NC",Full-time,Associate,[],0,dictionary
3885858438,Ayudante de almacén,Grupo Logístico de Carga,Greater Panama City Area,Full-time,,[],0,dictionary
3901938961,Speech Language Pathologist,,"Clearfield, UT",Other,,['Communication'],1,dictionary
3906089955,Senior Software Engineer,PRI Technology,"Holmdel, NJ",Contract,Mid-Senior level,"['AWS', 'CSS', 'HTML', 'Java', 'SQL']",5,dictionary
3898173035,Technology Project Manager with Banking Exp,"Denken Solutions, Inc.","Irving, TX",Contract,,"['Communication', 'Leadership']",2,dictionary
3884929354,Per Diem Pharmacy Technician I,Beth Israel Lahey Health,"Boston, MA",Part-time,Entry level,"['Customer Service', 'Excel', 'Microsoft Office']",3,dictionary
3906227210,"Sr. Director, Clinical Regulatory Affairs - Auto-immune",Apex Systems,"Waltham, MA",Full-time,Director,[],0,dictionary
3886475969,Salesperson,,"Phoenix, AZ",Part-time,,['Sales'],1,dictionary
3905335749,Campus Retail Associate - BNC Starbucks Licensee (Seasonal) UK Bookstore,Barnes & Noble College,"Lexington, KY",Temporary,Entry level,"['Customer Service', 'Excel', 'Sales']",3,dictionary
3900960520,CPT I - MHIN Clinical Lab,Monroe Hospital,"Bloomington, IN",Other,Entry level,['Communication'],1,dictionary
3894560709,Project Controls Engineer NS&E,ManpowerGroup,"Richland, WA",Temporary,Entry level,"['Communication', 'Microsoft Office', 'Project Management']",3,dictionary
3905210770,Willow Logistics Specialist - Bulk Materials,The Hawk Group,"Anchorage, AK",Full-time,Associate,['Communication'],1,dictionary
3902752925,Sales Lead - PT,Paper Source,"Boston, MA",Part-time,Mid-Senior level,"['Customer Service', 'Sales']",2,dictionary
3895513640,PCU/Step-down Nurse,MedPro Healthcare Staffing,"Tucson, AZ",Contract,,[],0,dictionary
3904988749,Retail Stocking Associate,Harbor Freight Tools,"Pennsauken, NJ",Part-time,Entry level,[],0,dictionary
3900072361,Drafter,Airswift,"Lake Charles, LA",Contract,Entry level,['Excel'],1,dictionary
3905856091,"Nursing Student II, Yawkey 5 Hematology/Oncology, Per Diem",Boston Medical Center (BMC),"Boston, MA",Part-time,Internship,['Communication'],1,dictionary
3903840509,Service Technician - Ken Garff Nissan of Salt Lake,Ken Garff Automotive Group,Salt Lake City Metropolitan Area,Full-time,Entry level,['Communication'],1,dictionary
3894871060,Registered Nurse Special Care Nursery In House Registry,Northwestern Medicine,"Huntley, IL",Other,,[],0,dictionary
3901998078,General Merchandise,Walmart,"Sylvester, GA",Part-time,Executive,['Sales'],1,dictionary
3900075276,POS Tester,ChabezTech LLC,"Bentonville, AR",Contract,Mid-Senior level,"['Communication', 'Sales']",2,dictionary
3763494664,Help Desk Analyst,HAPPI Health,Huntsville-Decatur-Albertville Area,Full-time,,['Excel'],1,dictionary
3905828140,Network Engineering Internship,Verizon,"Ohio, United States",Internship,Entry level,"['Communication', 'Computer Vision', 'Git', 'Java', 'Kubernetes', 'Leadership', 'Microsoft Office', 'Python', 'SQL']",9,dictionary
3891083106,Administrative Specialist,"Magellan Financial & Insurance Services, Inc.",Greater Chattanooga,Full-time,Entry level,"['Communication', 'Excel', 'Marketing', 'Project Management']",4,dictionary
3902363413,Chief Nursing Officer - Clinical Leader,HealthCare Support,"Sioux Falls, SD",Full-time,Executive,['Leadership'],1,dictionary
3901966020,Python Developer (looking for local candidates to AZ),Quantum World Technologies Inc.,"Phoenix, AZ",Contract,,"['Communication', 'Deep Learning', 'Git', 'Machine Learning', 'Python']",5,dictionary
3903475983,"Family Nurse Practitioner (FL, Ohio, MA, MD)","LanceSoft, Inc.",United States,Contract,,"['Communication', 'Customer Service']",2,dictionary
3905241215,Designer (Power Distribution) ,"GAI Consultants, Inc.",Greater Pittsburgh Region,Full-time,Entry level,"['Communication', 'Microsoft Office']",2,dictionary
3901394835,Distribution Specialist-Shipper 7:30am-4pm,The Reserves Network,"Columbus, Georgia, United States",Contract,Entry level,['Microsoft Office'],1,dictionary
3905825777,Account Executive,Wallaby Search & Placement,Greater Savannah Area,Full-time,,"['Communication', 'Customer Service', 'Excel', 'Leadership', 'Microsoft Office', 'Sales']",6,dictionary
3889288412,Real Estate Specialist,Commonwealth of Pennsylvania,"Venango County, PA",Contract,Mid-Senior level,['Communication'],1,dictionary
3894554204,Waithelp- Japengo- Part Time ,Hyatt Regency,"Lahaina, HI",Part-time,,['Communication'],1,dictionary
3902867365,HIM Tech II - Medical Records,Sherman Oaks Hospital,"Los Angeles, California, United States",Other,Entry level,[],0,dictionary
3902792155,"Youth Apprentice, FMT",Kohler Co.,"Kohler, WI",Part-time,Internship,[],0,dictionary
3903444479,Cashier,Goodwill Industries of Northwest NC,"Asheville, NC",Full-time,Entry level,['Customer Service'],1,dictionary
3905207440,Client Support Specialist (Part-Time),Ticketmaster,Greater Madison Area,Part-time,Mid-Senior level,"['CSS', 'Communication', 'Customer Service', 'Excel', 'Marketing', 'Sales']",6,dictionary
3902881292,Clerical Admin,The Pineapple Agency,"North Las Vegas, NV",Temporary,,"['Communication', 'Marketing']",2,dictionary
3901176218,Director of Sales and Marketing,DSJ Global,Greater Seattle Area,Full-time,Director,"['Communication', 'Leadership', 'Marketing', 'Microsoft Office', 'Project Management', 'Sales']",6,dictionary
3902347878,Buyer,iRiS Recruiting Solutions,Greater Seattle Area,Full-time,Associate,['Sales'],1,dictionary
3899524481,Media Relations Internship,XIRCLS - 360° Martech Stack & Decentralized Collaborative Marketing Network ,United States,Internship,,"['Communication', 'Marketing']",2,dictionary
3884891729,Kissing Camels Grille Host/Hostess - Seasonal,Garden of the Gods Resort and Club,"Colorado Springs, CO",Temporary,Mid-Senior level,['Communication'],1,dictionary
3903443964,Senior Event Manager,,"Westminster, CO",Full-time,,"['Communication', 'Customer Service', 'Excel', 'Leadership', 'Marketing', 'Sales']",6,dictionary
3905314769,(USA) Coach/Ops Mgr Trainee,Walmart,"Apple Valley, MN",Full-time,Internship,"['Customer Service', 'Leadership', 'Sales']",3,dictionary
3901353310,IT Account Manager,Prime Secured,"Omaha, NE",Full-time,,"['Project Management', 'Sales']",2,dictionary
3901352166,Remote Search Analyst United States,TELUS International AI Data Solutions,"San Antonio, Texas Metropolitan Area",Part-time,Entry level,['Communication'],1,dictionary
3903819039,Infection Preventionist - Full-Time 1st Shift,"North Shore Healthcare, LLC","South Milwaukee, WI",Full-time,Entry level,['Leadership'],1,dictionary
3904411035,Medical Director,Theoria Medical,"Nags Head, NC",Part-time,Director,['Leadership'],1,dictionary
3905878133,Payroll Accountant,Compunnel Inc.,"Orlando, FL",Contract,Mid-Senior level,[],0,dictionary
3887862987,Keyholder,Torrid,Appleton-Oshkosh-Neenah Area,Full-time,Mid-Senior level,"['Customer Service', 'Sales']",2,dictionary
3902755228,Personal Banker,Commerce Bank,"Springfield, MO",Part-time,,"['Communication', 'Customer Service', 'Excel', 'Sales']",4,dictionary
3903813456,Information Technologist III (Open to Internal Candidates Only),University of New Hampshire,"Durham, NH",Internship,Mid-Senior level,"['Communication', 'Project Management']",2,dictionary
3899529675,Concierge,,Detroit Metropolitan Area,Part-time,,[],0,dictionary
3905297879,Analyst - Joint Use of Plant,Avangrid,"Rochester, New York Metropolitan Area",Full-time,Entry level,"['Communication', 'Excel', 'Microsoft Office']",3,dictionary
3904926049,H&M Sales Associate,H&M,"Hamilton Township, NJ",Part-time,Entry level,"['Customer Service', 'Sales']",2,dictionary
3895527695,Volunteer: Anza-Borrego Desert BioBlitz,VolunteerMatch,"Borrego Springs, CA",Volunteer,Associate,[],0,dictionary
3902356436,Lead Data warehouse Engineer,"Collaborate Solutions, Inc","Columbia, TN",Contract,,"['Azure', 'Communication', 'Git', 'Power BI', 'SQL']",5,dictionary
3891079390,Direct Mail Marketing Advisor,"IDR, Inc.",Memphis Metropolitan Area,Contract,Associate,"['Marketing', 'Project Management']",2,dictionary
3889415882,"Director, Enterprise Customer Success",LearnUpon,Salt Lake City Metropolitan Area,Full-time,Director,"['Communication', 'Leadership', 'Sales']",3,dictionary
3903802951,Registered Nurse (RN),Ciena Healthcare,"Midlothian, VA",Part-time,Entry level,['Communication'],1,dictionary
3903488789,"SVP, Chief Medical Officer",BioReference,"Elmwood Park, NJ",Full-time,Executive,"['Communication', 'Leadership']",2,dictionary
3903878017,Part-Time Customer Care Call Center,Addison Group,"Naperville, IL",Other,Entry level,"['Communication', 'Customer Service', 'Microsoft Office']",3,dictionary
3888476690,Controlling Intern (Year Round),Brose Group,"Auburn Hills, MI",Part-time,Internship,[],0,dictionary
3891058703,Threat Hunter / Security Analyst,Galvanick,Greater Seattle Area,Full-time,Mid-Senior level,['Communication'],1,dictionary
3900959514,Verizon Sales Consultant,Cellular Sales,Albuquerque-Santa Fe Metropolitan Area,Full-time,,['Sales'],1,dictionary
3898156762,Construction Manager,Akkodis,"Columbia, South Carolina Metropolitan Area",Contract,Mid-Senior level,['Node.js'],1,dictionary
3902950712,Case Manager,Family Service & Guidance Center,"Topeka, KS",Full-time,Associate,"['Communication', 'Microsoft Office']",2,dictionary
3902808927,Clinical Lab Scientist - Part Time 24 hours,Labcorp,"San Diego, CA",Part-time,Associate,['Communication'],1,dictionary
3894877702,Registered Nurse II - SJCH NICU,MUSC Health,"Charleston, SC",Part-time,Mid-Senior level,['Leadership'],1,dictionary
3890892426,Athletic Director - High School,Fort Mill School District,"Fort Mill, SC",Part-time,Director,['Microsoft Office'],1,dictionary
3902757378,Seasonal Sales Associate,Men's Wearhouse,"Lima, OH",Temporary,,['Sales'],1,dictionary
3894895288,Territory Sales Manager,Wurth USA,Greater New Orleans Region,Full-time,,['Sales'],1,dictionary
3903462102,Tibco Architect,PDSSOFT INC.,"St Louis, MO",Contract,,[],0,dictionary
3901395640,Vice President Project Executive,Metropolitan Transportation Authority,"New York, NY",Other,Executive,"['Communication', 'Leadership', 'Project Management']",3,dictionary
3891073998,Product Marketing Manager,Life Science People,San Francisco Bay Area,Full-time,Mid-Senior level,"['Marketing', 'Sales']",2,dictionary
3902869112,Senior Software Engineer,Agility,Salt Lake City Metropolitan Area,Full-time,,"['AWS', 'Communication', 'Docker', 'GCP', 'Kubernetes', 'PostgreSQL', 'SQL']",7,dictionary
3903432313,Intern- Operations,"Baldor Specialty Foods, Inc.",New York City Metropolitan Area,Temporary,Internship,['Communication'],1,dictionary
3894954781,Sr. Process Engineer (On Site),First Search Inc.,Topeka Metropolitan Area,Full-time,Mid-Senior level,"['Leadership', 'Project Management']",2,dictionary
3906251128,Scheduler,Addison Group,"Columbia, SC",Other,Entry level,[],0,dictionary
3895492261,2nd - Production Shift Manager,Veritas Steel LLC,Eau Claire-Menomonie Area,Full-time,Mid-Senior level,"['Communication', 'Leadership']",2,dictionary
3906264268,Assistant Bank Manager,Associated Bank,"Green Bay, Wisconsin Metropolitan Area",Full-time,Mid-Senior level,"['Customer Service', 'Leadership', 'Sales']",3,dictionary
3906253356,RN - Internal Traveler Enid ER - Days,INTEGRIS Health,"Oklahoma, United States",Internship,Mid-Senior level,[],0,dictionary
3901649931,Product Trainer & Technical Writer,Prometheus Security Group Global (PSG),"Austin, Texas Metropolitan Area",Full-time,,"['Adobe Illustrator', 'Adobe Photoshop', 'Communication', 'Customer Service', 'Marketing', 'Microsoft Office']",6,dictionary
3904718054,Product Owner - Data Science,"Method360, Inc.","Chicago, IL",Contract,Director,"['Data Science', 'Machine Learning']",2,dictionary
3889743050,Information Security Analyst,The Brand Architechs,Huntsville-Decatur-Albertville Area,Contract,,['Communication'],1,dictionary
3903890769,"Senior Sales Director, CEE",OpenText,"Prague, OK",Full-time,Director,"['Leadership', 'Marketing', 'Sales']",3,dictionary
3894475471,Electrical Multi-skilled Maintenance Engineer,Energy Jobline,"Newport, RI",Full-time,Entry level,['Computer Vision'],1,dictionary
3898164162,SAP BPC Consultant,Quantum World Technologies Inc.,"Denver, CO",Contract,,[],0,dictionary
3903486541,Tax Director,LNCsearch,"San Antonio, Texas Metropolitan Area",Full-time,Director,[],0,dictionary
3898155741,Senior Accountant,APR Staffing,"Portland, Oregon Metropolitan Area",Contract,Mid-Senior level,['Excel'],1,dictionary
3905308539,"Apprentice Optician - Franklin, TN - Target Optical",Target Optical,"Franklin, TN",Full-time,Internship,"['Customer Service', 'Sales']",2,dictionary
3904368369,Student Electrical Engineer - Intern,LVT (LiveView Technologies),"Orem, UT",Part-time,Internship,"['C++', 'Communication', 'Leadership']",3,dictionary
3901374332,Warehouse Training Specialist,Crescent Electric Supply Company,"Phoenix, AZ",Full-time,Internship,"['Communication', 'Excel', 'Leadership', 'Microsoft Office']",4,dictionary
3900980194,"Senior Accountant -Local to Nashville, TN",West Coast Consulting,Nashville Metropolitan Area,Contract,,[],0,dictionary
3888022943,Summer Intern,Rent Roll Capital,Greater Philadelphia,Other,,"['Communication', 'Marketing']",2,dictionary
3885113227,Sales Specialist,Social Phantom,"Kansas City, MO",Contract,,"['Communication', 'Marketing', 'Sales']",3,dictionary
3906230645,District Sales Manager,"Hunter Douglas, Inc.","Alexandria, VA",Full-time,Mid-Senior level,"['Communication', 'Marketing', 'Sales']",3,dictionary
3900979213,Couples Therapist,"Thrive Postpartum, Couples and Family","Hoffman Estates, IL",Part-time,,['Communication'],1,dictionary
3901392382,Program Manager,Prairie Consulting Services,"Chicago, IL",Contract,Director,"['Communication', 'Excel', 'Git', 'Leadership']",4,dictionary
3888948679,Crew Chief,Xylem,"Kansas City, MO",Full-time,Director,"['Communication', 'Microsoft Office']",2,dictionary
3894863764,Sales Engineer Specialist (Contractor),"Cradlepoint, part of Ericsson","Boise, ID",Full-time,Entry level,['Sales'],1,dictionary
3891292418,Public Safety/Security Officer,Riverview Regional Medical Center,"Gadsden, AL",Other,Entry level,[],0,dictionary
3889441096,Senior Human Resources Business Partner,EPIC Insurance Brokers & Consultants,"Albany, New York Metropolitan Area",Full-time,Mid-Senior level,"['Communication', 'Leadership']",2,dictionary
3888020816,Volunteer Virtual Classroom Speaker (Electric Guitar ),Pathful Inc.,United States,Volunteer,Mid-Senior level,[],0,dictionary
3887494545,Client Service Manager,Marsh McLennan Agency,"Conshohocken, PA",Full-time,Executive,"['Communication', 'Customer Service', 'Excel', 'Microsoft Office', 'Project Management']",5,dictionary
3902363122,Certified Phlebotomist,Insight Global,"Portland, Maine Metropolitan Area",Part-time,Associate,[],0,dictionary
3902358260,Desktop Support Specialist,Vernovis,"Columbus, Ohio Metropolitan Area",Contract,Associate,"['Communication', 'Excel', 'Microsoft Office']",3,dictionary
3898166490,Licensed Mental Health Counselor,Grow Therapy,"Bridgeport, CT",Contract,Mid-Senior level,['Marketing'],1,dictionary
3905863718,Process Engineer (Pharmaceuticals),Technical Source,Rocky Mount-Wilson Area,Contract,Mid-Senior level,[],0,dictionary
3889421551,Energy Recruitment Consultant,AVA Energy,"New York, NY",Full-time,Associate,['Communication'],1,dictionary
3901380026,Director of Water Wastewater,Insight Global,Washington DC-Baltimore Area,Full-time,Director,"['Communication', 'Leadership', 'Project Management']",3,dictionary
3888028893,Highway Engineer - 1767769,RightWorks,"Newark, DE",Full-time,Associate,"['Communication', 'R']",2,dictionary
3902739136,Summer 2024 Economic Empowerment - Benefits Intern,International Rescue Committee,"Louisville, KY",Part-time,Internship,"['Communication', 'Excel', 'Leadership', 'R']",4,dictionary
3905339042,"Temporary Lab Technician (Summer Employment) - Smoky Canyon (Afton, WY)",J.R. Simplot Company,"Wayan, ID",Temporary,Entry level,['R'],1,dictionary
3906223597,Registered Nurse (RN) / PRN,Select Medical,"Fort Smith, AR",Part-time,Mid-Senior level,[],0,dictionary
3905392540,Long-Term Consultant – DEI Officer,Inter-American Development Bank,"Washington, DC",Contract,Associate,"['Communication', 'Leadership']",2,dictionary
3904426700,Sales Program Manager- Fandango,Fandango,"Incline Village, NV",Full-time,Associate,"['Communication', 'Excel', 'Microsoft Office', 'Project Management', 'Sales']",5,dictionary
3905295992,Registered Nurse (RN) - Per Diem/PRN,Kessler Institute for Rehabilitation,"Marlton, NJ",Part-time,Mid-Senior level,[],0,dictionary
3899542044,Power Utilities Design Consultant,Solü Technology Partners,"Phoenix, AZ",Contract,Mid-Senior level,['Communication'],1,dictionary
3889451561,Travel Nurse (RN) CVICU (Cardiovascular Intensive Care Unit),Epic Travel Staffing,"Baltimore, MD",Contract,,[],0,dictionary
3903426699,Regional Account Sales Exec. - Indianapolis Leasing,PLM Fleet LLC dba PLM Trailer Leasing,Greater Indianapolis,Full-time,Mid-Senior level,"['Communication', 'Leadership', 'Sales']",3,dictionary
3885825914,Sr. Escalations Representative - $25/HR,TEKsystems,"Shoreview, MN",Full-time,Mid-Senior level,['Customer Service'],1,dictionary
3903881202,Operations Assistant NF-02,U.S. Army MWR,Greater Macon,Part-time,Entry level,['Customer Service'],1,dictionary
